Party,Sub Party,Sales Person,Sales Branch,Sales Person.0,Article,Blend,Width,GSM,Color,Lab No.,Lot No,Challan No.,Qty (Kg),Qty (Mtr.),No. of Taka,Type of Finish,Type of Packing,Remarks,Order Number,,Manual Conf.
CKU,SILVERTRAQ INTERNATINAL,PIYUSH(CKU),,,C-715FA,PS,60,160,CADET,CKU-HF-215,18046,K-02751,168.6,,7,SOFT WICKING(EXHAUST METHOD)+ANTIMICROBIAL,Rolling,,CKU-1634,,
CKU,DIDA SPORTS,PIYUSH(CKU),,,C-735F-62,PS,60,260,NAVY BLUE,CKU-21775,18052,K-02757,215,,8,SOFT WICKING,Rolling,,CKU-1639,,
CKU,PIYUSH SIR,PIYUSH(CKU),,,"C-917F(90% NYLON,10% SPANDEX)",NS,60,150,RITESH SIR TRAIL,RITESH SIR TRAIL,18173,KDC-2779,115.9,,4,SOFT FINISH,Rolling,,CKU-1652,,
CKU,PIYUSH SIR,PIYUSH(CKU),,,"C-917F(90% NYLON,10% SPANDEX)	",NS,60,150,RITESH SIR TRIAL ,RITESH SIR TRIAL ,18174,KDC-2780,121.55,,4,SOFT FINISH,Rolling,,CKU-1653,,
CKU,B.K ENTERPRISES,PIYUSH(CKU),,,C-233-70,CS,72,220,FAWN,CL-40372,18042,K-02747,203.3,,6,SILICON FINISH,Rolling,,CKU-1660,,
CKU,CUP COUTURE,PIYUSH(CKU),,,C-656A,P,63,105,MOCHA,M-5170,18135,K-02774,349.6,,14,SOFTWICKING(EXHAUSTMETHOD)+ANTITHERMAL(DRYNWET),Rolling,,CKU-1668,,
CKU,G S P Apparels (Tirupur),PIYUSH(CKU),,,C-930(85%NYLON 15%SPANDEX),NS,62,105,TEAL ,PENDING ,18285,-,195.8,,7,SOFT WICKING(EXHAUST METHOD),Rolling,,CKU-1671,,
CKU,G S P Apparels (Tirupur),PIYUSH(CKU),,,C-930(85%NYLON 15%SPANDEX),NS,62,105,OLIVE ,PENDING,18286,-,192.5,,7,SOFT WICKING(EXHAUST METHOD),Rolling,,CKU-1672,,
CKU,G S P Apparels (Tirupur),PIYUSH(CKU),,,C-930(85%NYLON 15%SPANDEX),NS,62,105,BLACK,PENDING,18287,-,195.1,,7,SOFT WICKING(EXHAUST METHOD),Rolling,,CKU-1673,,
GINZA UDHNA,FREEWILL SPORTS,VIRENDER,,,L-3009 / PS / 130’’,PS,58’’,220,BLACK,OLD LOT 16801 OK,16802,,405,808,10,SOFT WICKING ( old lot 16801 ok ROLLING,Rolling,,ORD-20035,,
GINZA UDHNA,FREEWILL SPORTS,VIRENDER,,,L-3009 / PS / 130’’,PS,58’’,220,BLACK,OLD LOT 16801 OK,16803,,385,770,10,SOFT WICKING ( old lot 16801 ok ROLLING,Rolling,,ORD-20036,,
GINZA UDHNA,POOMER FASHION,VIRENDER,,,L-4008A / NS / 130’’,NS,60’’,185-195,CREAM,N-21106 OLD LOT 4090,14841,,205,614,5,SUPER SOFT ROLLING,Rolling,,ORD-20037,,
GINZA UDHNA,GINZA UDHNA,KULDEEP,,,A-514/N-66,NN,56’’,,GAJARI,N-35584,18397,,198.46,1545,15,SOFT FINISH F K,Rolling,,ORD-20045,,
CKU,Cup Couture (Chennai),PIYUSH(CKU),,,C-672,P,64,120,PEARL PEACH CKU-19090,CKU-19090,18293,KDC-2786,170.9,,7,SOFT WICKING (EXHAUST METHOD)+ANTITHERMAL (DRY N WET),Rolling,,CKU-1675,,
CKU,Cup Couture (Chennai),PIYUSH(CKU),,,C-672,P,64,120,LILAC CKU-22283,CKU-22283,18294,KDC-2787,171.2,,7,SOFT WICKING (EXHAUST METHOD)+ANTITHERMAL (DRY N WET),Rolling,,CKU-1676,,
CKU,Cup Couture (Chennai),PIYUSH(CKU),,,C-672,P,64,120,NAVY HF-3127,HF-3127,18295,KDC-2788,170.5,,7,SOFT WICKING (EXHAUST METHOD)+ANTITHERMAL (DRY N WET),Rolling,,CKU-1677,,
CKU,Cup Couture (Chennai),PIYUSH(CKU),,,C-656A(100%POLYFILA),P,63,105,V J FROST CKU-18737,CKU-18737,18303,KDC-2796,174.5,,7,SOFT WICKING (EXHAUST METHOD)+ANTITHERMAL (DRY N WET),Rolling,,CKU-1682,,
CKU,Cup Couture (Chennai),PIYUSH(CKU),,,C-656A(100%POLYFILA),P,63,105,V LILAS SNOW CKU-22069,CKU-22069,18305,KDC-2798,75,,3,SOFT WICKING (EXHAUST METHOD)+ANTITHERMAL (DRY N WET),Rolling,,CKU-1684,,
GINZA UDHNA,PRISM CLOTHING,VIRENDER,,,L-74 / NS / 130’’,NS,60’’,190,GOLD,N-45208,1354,,394,986,10,SUPER SOFT ROLLING,Rolling,,ORD-20156,,
GINZA UDHNA,MAHIL TEX,VIRENDER,,,L-4008A / NS / 130’’,NS,61’’,185-195,ROSE GOLD,N-31763 OLD LOT 12677 OK,18362,,393,1181,10,"SUPER SOFT Roll ,wrapping+party patta",Rolling,"Roll ,wrapping+party patta",ORD-20160,,
GINZA UDHNA,MAHIL TEX,VIRENDER,,,L-4008A / NS / 130’’,NS,61’’,185-195,DARK GOLD,N-35389 OLD LOT 1378 OK,18363,,400,1203,10,"SUPER SOFT Roll ,wrapping+party patta",Rolling,"Roll ,wrapping+party patta",ORD-20161,,
GINZA UDHNA,MAHIL TEX,VIRENDER,,,L-4008A / NS / 130’’,NS,61’’,185-195,SILVER,N-35662 OLD LOT 12675 OK,18390,,395,1182,10,"SUPER SOFT Roll ,wrapping+party patta",Rolling,"Roll ,wrapping+party patta",ORD-20163,,
GINZA UDHNA,POOMER FASHION,VIRENDER,,,L-4008A / NS / 130’’,NS,"60""",185-195,STRAW BERRY,OLD LOT 9955,18393,,118,356,3,SUPER SOFT ROLLING,Rolling,,ORD-20167,,
GINZA UDHNA,b. k. Ent,VIRENDER,,,L-92B / NS / 130’’,NS,58’’,320,SKIN,N-50/16957,18371,,105,199,3,SOFT KATI,Rolling,,ORD-20179,,
GINZA UDHNA,b. k. Ent,VIRENDER,,,L-92B / NS / 130’’,NS,58’’,320,GREY,N-9951,18372,,105,200,3,SOFT KATI,Rolling,,ORD-20180,,
GINZA UDHNA,GINZA UDHNA,VIRENDER,,,TR-520 / NS / 85’’,NS,58’’,155,WHITE,REGULAR,18532,,370,1480,14,SOFT KATI,Rolling,,ORD-20186,,
GINZA UDHNA,FREEWILL SPORTS,VIRENDER,,,L-3009 / PS / 130’’,PS,58’’,220,BLACK,OLD LOT 16801 OK,18429,,412,824,10,SOFT WICKING ( old lot 16801 ok,Rolling,,ORD-20191,,
GINZA UDHNA,JOCKEY,VIRENDER,,,TR-1 / NS / 85’’,NS,57’’,130,V ALMONDINE,LAB NO.,18423,,102,514,4,JOCKEY ROLLING,Rolling,,ORD-20192,,
GINZA UDHNA,GINZA UDHNA,VIRENDER,,,L-74 / NS / 130’’,NS,60’’,200,SILVER,OLD LOT 14845,18356,,314,785,8,SOFT ROLLING,Rolling,,ORD-20195,,
GINZA UDHNA,GINZA UDHNA,VIRENDER,,,L-74 / NS / 130’’,NS,60’’,200,SILVER,OLD LOT 14845,18345,,396,990,10,SOFT ROLLING,Rolling,,ORD-20196,,
GINZA UDHNA,GINZA UDHNA,VIRENDER,,,L-74 / NS / 130’’,NS,60’’,200,SILVER,OLD LOT 14845,18346,,198,495,5,SOFT ROLLING,Rolling,,ORD-20197,,
GINZA UDHNA,GINZA UDHNA,VIRENDER,,,L-74 / NS / 130’’,NS,60’’,200,GOLD,OLD LOT 6862,18344,,402,1007,11,SOFT ROLLING,Rolling,,ORD-20198,,
GINZA UDHNA,GINZA UDHNA,VIRENDER,,,L-74 / NS / 130’’,NS,60’’,200,GOLD,OLD LOT 6862,18347,,195,488,5,SOFT ROLLING,Rolling,,ORD-20199,,
GINZA UDHNA,GINZA UDHNA,VIRENDER,,,L-74 / NS / 130’’,NS,60’’,200,LIGHT GOLD,OLD LOT 13074,18351,,395,989,10,SOFT ROLLING,Rolling,,ORD-20200,,
CKU,NAIDU HALL APPARELS,PIYUSH(CKU),,,C-917A-72,NS,65,160,LIGHT SKIN,N-46237,16778,K-02456,301,,10,SOFT FINISH,Rolling,,CKU-1687,,
CKU,NAIDU HALL APPARELS,PIYUSH(CKU),,,C-917A-72,NS,65,160,LIGHT SKIN,N-46237,16779,K-02457,30,,1,SOFT FINISH,Rolling,,CKU-1688,,
CKU,PIYUSH SIR,PIYUSH(CKU),,,C-655 BLACK-59,P,60,150,RFD,RFD,18440,KDC-2801,411.95,,14,SOFT WICKING,Rolling,,CKU-1692,,
CKU,Ginza Industries Limited (SGU),PIYUSH(CKU),,,C-732(90%POLYESTER 10%SPANDEX),PS,60,180,PEACH SKIN,CKU-15809,18450,KDC-2811,84.7,,3,SOFT FINISH,Rolling,,CKU-1694,,
CKU,Ginza Industries Limited (SGU),PIYUSH(CKU),,,C-732(90%POLYESTER 10%SPANDEX),PS,60,180,PEACH SKIN,CKU-15809,18449,KDC-2810,192.2,,7,SOFT FINISH,Rolling,,CKU-1695,,
CKU,Ginza Industries Limited (SGU),PIYUSH(CKU),,,C-732(90%POLYESTER 10%SPANDEX),PS,60,180,ASH GREY,CKU-15814,18446,KDC-2807,197.6,,7,SOFT FINISH,Rolling,,CKU-1698,,
CKU,CULTSPORTS/AMBERNATH,PIYUSH(CKU),,,C-735F-62,PS,60,260,NAVY,HF-3384,15855,K-02296,152.8,,6,SOFT WICKING,Rolling,,CKU-1701,,
CKU,CULTSPORTS/AMBERNATH,PIYUSH(CKU),,,C-735F-62,PS,60,260,NAVY,HF-3384,15855 D,K-02296,53,,2,SOFT WICKING,Rolling,,CKU-1702,,
CKU,Ginza Industries Limited (SGU),PIYUSH(CKU),,,C-732(90%POLYESTER 10%SPANDEX),PS,60,180,GRASS,CKU-15811,18445,KDC-2806,197.7,,7,SOFT FINISH,Rolling,,CKU-1705,,
GINZA UDHNA,JOCKEY,VIRENDER,,,TR-1 / NS / 85’’,NS,57’’,130,V W SKIN,MATCH TO STD (lot 16520 ok ),18637,,311,1559,12,JOCKEY ROLLING,Rolling,,ORD-20458,,
CKU,PAGE INDUSTRIES LTD UNIT-12,PIYUSH(CKU),,,C-622KG,P,62,100,W BLACK,AS PER LOT NO-20136,,KDC-2829,205.8,,11,SOFT WICKING(EXHAUST METHOD),Rolling,,CKU-1709,,
CKU,PIYUSH SIR,PIYUSH(CKU),,,C-732 (90%POLY 10% SPANDEX),PS,60,180,CONFIRM WITH RITESH SIR,-,18516,KDC-2813,28.05,,1,SOFT FINISH,Rolling,ALL PARAMETERS CONFIRM WITH RITESH SIR,CKU-1713,,
CKU,PIYUSH SIR,PIYUSH(CKU),,,C-715F,PS,-,-,CONFIRM WITH RITESH SIR,-,18517,KDC-2814,20.1,,1,-,Rolling,RITESH SIR TRIAL,CKU-1714,,
CKU,PIYUSH SIR,PIYUSH(CKU),,,NEW SAMPLE-1458,PS,60,270,STEEL GREY,M-3459,18518,KDC-2815,54.5,,2,SOFT WICKING(EXHAUST METHOD),Rolling,RITESH SIR TRIAL,CKU-1715,,
CKU,PIYUSH SIR,PIYUSH(CKU),,,NEW SAMPLE-1458,PS,60,270,STEEL GREY,M-3459,18519,KDC-2816,66,,2,SOFT WICKING(EXHAUST METHOD),Rolling,RITESH SIR TRIAL,CKU-1716,,
CKU,PIYUSH SIR,PIYUSH(CKU),,,C-735A-60,PS,-,-,CONFIRM WITH RITESH SIR,-,18520,KDC-2818,27.4,,1,-,Rolling,ALL PARAMETERS CONFIRM WITH RITESH SIR,CKU-1717,,
CKU,PIYUSH SIR ,PIYUSH(CKU),,,NEW SAMPLE-1458,PS,60,270,STEEL GREY,M-3459,18584,KDC-2830,57.5,,2,SOFT WICKING(EXHAUST METHOD),Rolling,RITESH SIR TRAIL,CKU-1721,,
CKU,PIYUSH SIR,PIYUSH(CKU),,,NEW SAMPLE-1458,PS,60,270,STEEL GREY,M-3459,18586,KDC-2831,57.2,,2,SOFT WICKING(EXHAUST METHOD),Rolling,RITESH SIR TRAIL,CKU-1722,,
GINZA UDHNA,KRISHNA EMB.,VIRENDER,,,TR-520 / NS / 85’’,NS,58’’,155,ROYAL BLUE,N-21036,18751,,181,726,7,SOFT KATI,kanti,,ORD-20617,,
GINZA UDHNA,SGU,VIRENDER,,,TR-1 / NS / 58’’,NS,58’’,130,BLUE,N-40199,18755,,76,384,3,SOFT KATI,kanti,,ORD-20619,,
CKU,Makhija Brothers (Ulhasnagar),PIYUSH(CKU),,,C-917A-62,NS,60,150,PEACH,N-42397,18522,KDC-2819,199.2,,8,SOFT FINISH,Rolling,,CKU-1726,,
CKU,Garland Apparels (Tirupur),PIYUSH(CKU),,,C-917A-72,NS,65,160,WINE,N-31042,18679,KDC-2833,19.2,,1,SOFT FINISH,Rolling,,CKU-1730,,
CKU,Fabricera Industries (New Delhi),PIYUSH(CKU),,,NEW DEVELOPMENT-216C(Polyester100%),P,60,210,BLACK,CKU-19834,18687,KDC-2841,428.7,,14,SOFT FINISH,Rolling,,CKU-1736,,
CKU,Cup Couture (Chennai),PIYUSH(CKU),,,C-656A(100%POLYFILA),P,63,105,MOCHA M-5170,M-5170,18690,KDC-2844,148.5,,6,SOFTWICKING(EXHAUSTMETHOD)+ANTITHERMAL(DRYNWET),Rolling,,CKU-1739,,
CKU,Raji Exports (Tirupur),PIYUSH(CKU),,,NEW DEVELOPMENT-215C(Polyester100%),P,64,170,BROWN,PENDING,18680,KDC-2834,399,,14,SILICON FINISH,Rolling,,CKU-1740,,
CKU,Raji Exports (Tirupur),PIYUSH(CKU),,,NEW DEVELOPMENT-215C(Polyester100%),P,64,170,BLACK,PENDING,18681,KDC-2835,398.7,,14,SILICON FINISH,Rolling,,CKU-1741,,
GINZA UDHNA,GINZA UDHNA,KULDEEP,,,JL-228/N-66,NN,54’’,,GAJARI,N-45892,18415,,40.58,203,2,SOFT FINISH F K,Rolling,FINISH QUALITY 5.20 MTR,ORD-20627,,
GINZA UDHNA,PAGE,SUNIL,,,A-1519B/P/65”,PP,58’’,,V W SKIN,,16528,,174.5,662.5,5,ROLLING,Rolling,,ORD-20652,,
GINZA UDHNA,PAGE,SUNIL,,,A-1519B/P/65”,PP,58’’,,V W SKIN,,16529,,173.9,660,5,ROLLING,Rolling,,ORD-20653,,
GINZA UDHNA,KRISHNA EMB.,VIRENDER,,,TR-520 / NS / 85’’,NS,58’’,155,SKIN,N-28165,18811,,181,726,7,SOFT KATI,kanti,,ORD-20662,,
GINZA UDHNA,POOJA SHREE,VIRENDER,,,L-4008A / NS / 130’’,NS,60’’,185-195,RED APC,N-42013 OLD LOT 16746,18501,,197,591,5,SUPER SOFT ROLL,Rolling,,ORD-20665,,
GINZA UDHNA,JOCKEY,VIRENDER,,,TR-1 / NS / 85’’,NS,57’’,130,V BLEACHED MAUVE,N-19340 OLD LOT 8159 STD,18565,,103,516.5,4,JOCKEY ROLLING,Rolling,urgent,ORD-20679,,
CKU,Absj Fashion Llp (Gurgaon),PIYUSH(CKU),,,NEW DEVELOPMENT-217(100%POLYESTER),P,60,195,BLACK,HF-410,18772,KDC-2849,76.6,,3,SOFT WICKING,Rolling,,CKU-1744,,
GINZA UDHNA,GINZA UDHNA,KULDEEP,,,S-766A/PS-68,PS,56’’,,BOTTEL GREEN,D-15114,17740,,257.74,1107.5,14,SOFT FINISH F K,kanti,FINISH QUALITY 5.20 MTR,ORD-20700,,
GINZA UDHNA,GINZA UDHNA,KULDEEP,,,JL-249/N-66,NN,54’’,,B+HEAT SET,REGULAR,18218,,55.6,238.5,3,SOFT FINISH F K,kanti,FINISH QUALITY 4.60 MTR,ORD-20701,,
GINZA UDHNA,SAGAR PRODUCTS,VIRENDER,,,L-20A / NS /130’’,NS,58’’,165,BLACK APC,N-46992,18621,,178,588,5,SOFT  ROLLING,Rolling,,ORD-20717,,
GINZA UDHNA,SAGAR PRODUCTS,VIRENDER,,,L-20A / NS /130’’,NS,58’’,165,GOLD,N-47132,18622,,294,968,7,SOFT  ROLLING,Rolling,,ORD-20718,,
GINZA UDHNA,SAGAR PRODUCTS,VIRENDER,,,L-20A / NS /130’’,NS,58’’,165,GOLD,N-47132,18623,,295,972,7,SOFT  ROLLING,Rolling,,ORD-20719,,
GINZA UDHNA,SAGAR PRODUCTS,VIRENDER,,,L-20A / NS /130’’,NS,58’’,165,MAROON,N-47011,18624,,295,971,7,SOFT  ROLLING,Rolling,,ORD-20720,,
GINZA UDHNA,SAGAR PRODUCTS,VIRENDER,,,L-20A / NS /130’’,NS,58’’,165,MAROON,N-47011,18625,,293,968,7,SOFT  ROLLING,Rolling,,ORD-20721,,
GINZA UDHNA,SAGAR PRODUCTS,VIRENDER,,,L-20A / NS /130’’,NS,58’’,165,ONION PINK,N-47025,18626,,320,1056,8,SOFT  ROLLING,Rolling,,ORD-20722,,
GINZA UDHNA,SAGAR PRODUCTS,VIRENDER,,,L-20A / NS /130’’,NS,58’’,165,ONION PINK,N-47025,18627,,120,396,3,SOFT  ROLLING,Rolling,,ORD-20723,,
GINZA UDHNA,SAGAR PRODUCTS,VIRENDER,,,L-20A / NS /130’’,NS,58’’,165,NAVY,N-47064,18628,,112,371,3,SOFT  ROLLING,Rolling,,ORD-20724,,
CKU,CULTSPORTS/AMBERNATH,PIYUSH(CKU),,,C-655F,P ,60,150,lavender MIST,M-8191,17604,K-02652,84.2,,3,SOFT WICKING,Rolling,,CKU-1750,,
CKU,CULTSPORTS/AMBERNATH,PIYUSH(CKU),,,C-655F,P ,60,150,lavender MIST,M-8191,17603,K-02651,141,,5,SOFT WICKING,Rolling,,CKU-1751,,
CKU,CULTSPORTS (AMBERNATH),PIYUSH(CKU),,,C-655F,P,60,150,ALLOY,as per ns-1364 lab no cku-21734,17285,K-02569,385.6,,14,SOFT WICKING,Rolling,,CKU-1752,,
CKU,Elite String Apparels Pvt Ltd (Haryana),PIYUSH(CKU),,,NEW SAMPLE-468-78,PS,65,200,RED,CKU-2929,18044,K-02749,106.1,,4,SOFT FINISH,Rolling,PLEASE MATCH WITH APC,CKU-1753,,
CKU,Silvertraq International Private Limited (Tirupur),PIYUSH(CKU),,,C-715F(90%POLYESTER 10%SPANDEX),PS,60,160,NIRVANA CKU-5129,CKU-5129,18829,KDC-2854,191,,8,SOFTWICKING(EXHAUSTMETHOD)+ANTIMICROBIAL,Rolling,,CKU-1754,,
CKU,ARNIT CREATION,PIYUSH(CKU),,,NEW SAMPLE-468-78,PS,65,200,DUSTY MAUVE,HF-3936,17370,K-02584,204.9,,8,SOFT FINISH,Rolling,,CKU-1757,,
CKU,ARNIT CREATION,PIYUSH(CKU),,,NEW SAMPLE-468-78,PS,65,200,PERFORAMNCE BLACK,KDC-2802,17547,K-02640,66.6,,3,SOFT FINISH,Rolling,,CKU-1758,,
CKU,Silvertraq International Private Limited (Tirupur),PIYUSH(CKU),,,C-735FKG,PS,60,260,RHODADENDRON M-7354,M-7354,18830,KDC-2855,203.2,,8,SOFT WICKING(EXHAUST METHOD)+ANTIMICROBIAL,Rolling,,CKU-1759,,
GINZA UDHNA,GINZA UDHNA,KULDEEP,,,S-925D/PS-132,PS,72’’,,OCRE,D-14730,18890,,385,923.5,15,SOFT FINISH F K,kanti,OLD LOT 14775- FINISH QUALITY 2.25 MTR,ORD-20759,,
GINZA UDHNA,SRI KRISHNA,VIRENDER,,,L-74 / NS / 130’’,NS,60’’,190,STRAW BERRY,N-47151,18962,,384,962,10,SUPER SOFT  ROLLING,Rolling,urgent,ORD-20791,,
GINZA UDHNA,SRI KRISHNA,VIRENDER,,,L-74 / NS / 130’’,NS,60’’,190,BLUE,N-47037,18961,,388,971,10,SUPER SOFT  ROLLING,Rolling,urgent,ORD-20792,,
GINZA UDHNA,POOJA SHREE,VIRENDER,,,L-4008A / NS / 130’’,NS,60’’,185/195,NAVY,N-31966 OLD LOT 13398,18901,,395,1184,10,SUPER SOFT  ROLLING,Rolling,urgent,ORD-20793,,
GINZA UDHNA,POOJA SHREE,VIRENDER,,,L-4008A / NS / 130’’,NS,60’’,185/195,SILVER,N-31433 OLD LOT 15663,18896,,396,1188,10,SUPER SOFT  ROLLING,Rolling,,ORD-20795,,
GINZA UDHNA,POOJA SHREE,VIRENDER,,,L-4008A / NS / 130’’,NS,60’’,185/195,BOTTLE GREEN,N-42896 OLD LOT 15674,18900,,240,720,6,SUPER SOFT  ROLLING,Rolling,,ORD-20799,,
GINZA UDHNA,POOJA SHREE,VIRENDER,,,L-4008A / NS / 130’’,NS,60’’,185/195,BLACK,N-31477 OLD LOT 15666,18902,,397,1193,10,SUPER SOFT  ROLLING,Rolling,,ORD-20800,,
GINZA UDHNA,POOJA SHREE,VIRENDER,,,L-4008A / NS / 130’’,NS,60’’,185/195,AIR FORCE,N-45478 OLD LOT 15671,18906,,196,588,5,SUPER SOFT  ROLLING,Rolling,,ORD-20805,,
GINZA UDHNA,POOJA SHREE,VIRENDER,,,L-4008A / NS / 130’’,NS,60’’,185/195,COFFEE,N-45465 OLD LOT 15669,18908,,198,595,5,SUPER SOFT  ROLLING,Rolling,,ORD-20807,,
GINZA UDHNA,B. K. ENT,VIRENDER,,,L-83 / NS / 130’’,NS,58’’,200,RED,LAB NO.,18884,,77,192,2,SOFT KATI,kanti,,ORD-20808,,
GINZA UDHNA,ARNIT CREATIONS,VIRENDER,,,L-4053 / NS / 130’’,NS,62’’,160,BLACK (extra cost ),N-46881 (testing ),18365,,399,1356,10,old lot 7764 finish(last time border tight issue) ROLLING,Rolling,,ORD-20809,,
GINZA UDHNA,ARNIT CREATIONS,VIRENDER,,,L-4053 / NS / 130’’,NS,62’’,160,RICH NAVY,N-46886 (testing ),18366,,200,681,5,old lot 7764 finish(last time border tight issue) ROLLING,Rolling,,ORD-20810,,
CKU,Cup Couture (Chennai),PIYUSH(CKU),,,C-656A(100%POLYFILA),P,63,105,V DEEP TAUPE P-812,P-812,18915,KDC-2872,324.1,,13,SOFTWICKING(EXHAUSTMETHOD)+ANTITHERMAL(DRYNWET),Rolling,,CKU-1773,,
CKU,Arcatron Mobility Private Limited (Pune),PIYUSH(CKU),,,C-917A-62,NS,70,165,Pebble Grey,N-33343,18918,KDC-2875,95.1,,4,SOFT FINISH,Rolling,,CKU-1777,,
CKU,Makhija Brothers (Amardham),PIYUSH(CKU),,,C-917A-62,NS,60,160,PEACH,N-42397,18919,KDC-2876,141.6,,6,SOFT FINISH,Rolling,,CKU-1778,,
CKU,Qmax Fashions Private Limited,PIYUSH(CKU),,,C-917A-72,NS,65,150,ZEPHYR N-33483,N-33483,18920,KDC-2877,180,,6,SOFT FINISH,Rolling,,CKU-1779,,
CKU,Ginza Industries Ltd. (Ambernath Exports),PIYUSH(CKU),,,NEW DEVELOPMENT-211(95%POLYESTER 5%SPANDEX),PS,64,170,GREY,CKU- 20545,18833,KDC-2858,77.4,,3,SOFT WICKING,Rolling,,CKU-1780,,
GINZA UDHNA,AAYUSHI,VIRENDER,,,L-3009 / PS / 130’’,PS,58’’,220,PEACH APC,D-15282,18487,,181,363,4,SOFT ROLLING,Rolling,,ORD-20866,,
GINZA UDHNA,GINZA UDHNA,VIRENDER,,,L-04 / NS / 85’’,NS,58’’,160,WHITE,REGULAR,19033,,114,411,3,SOFT KATI,Rolling,,ORD-20868,,
GINZA UDHNA,GINZA UDHNA,VIRENDER,,,L-04 / NS / 85’’,NS,58’’,160,WHITE,REGULAR,19034,,115,413,3,SOFT KATI,Rolling,,ORD-20869,,
GINZA UDHNA,POOJA SHREE,VIRENDER,,,L-4008A / NS / 130’’,NS,60’’,185,WHITE,REGULAR,19012,,195,584,5,SUPER SOFT ROLLING,Rolling,,ORD-20870,,
GINZA UDHNA,POOJA SHREE,VIRENDER,,,L-4008A / NS / 130’’,NS,60’’,185,N. PURPLE,N-45443 OLD LOT 18499,19014,,198,595,5,SUPER SOFT ROLLING,Rolling,,ORD-20872,,
GINZA UDHNA,POOJA SHREE,VIRENDER,,,L-4008A / NS / 130’’,NS,60’’,185,M FIROJI,N-32002,19015,,194,583,5,SUPER SOFT ROLLING,Rolling,,ORD-20873,,
CKU,PAGE INDUSTRIES LTD UNIT-4,PIYUSH(CKU),,,NEW SAMPLE-1228A,PS,60,140,J GRANITE,AS PER LOT 6808,18964,KDC-2880,149.9,,5,SOFT WICKING(EXHAUST METHOD),Rolling,,CKU-1782,,
CKU,K D M Clothing Co (Ludhiana),PIYUSH(CKU),,,NEW DEVELOPMENT-185(96%POLYFILA 4%SPANDEX),PS,60,270,NAVY MELANGE,RFD,18971,KDC-2887,381,,15,SOFT FINISH,Rolling,,CKU-1783,,
CKU,K D M Clothing Co (Ludhiana),PIYUSH(CKU),,,NEW DEVELOPMENT-185(96%POLYFILA 4%SPANDEX),PS,60,270,NAVY MELANGE,RFD,18970,KDC-2886,380.1,,15,SOFT FINISH,Rolling,,CKU-1784,,
CKU,K D M Clothing Co (Ludhiana),PIYUSH(CKU),,,NEW DEVELOPMENT-185(96%POLYFILA 4%SPANDEX),PS,60,270,QATMEAL MELANGE,RFD,18972,kdc-2888,355,,12,SOFT FINISH,Rolling,,CKU-1785,,
CKU,Arcatron Mobility Private Limited (Pune),PIYUSH(CKU),,,C-917A-62,NS,70,165,BROWN,N-33349,18976,KDC-2892,198.68,,8,SOFT FINISH,Rolling,,CKU-1786,,
CKU,K D M Clothing Co (Ludhiana),PIYUSH(CKU),,,NEW DEVELOPMENT-185(96%POLYFILA 4%SPANDEX),PS,60,270,NAVY MELANGE,RFD,18969,KDC-2885,380.8,,15,SOFT FINISH,Rolling,,CKU-1790,,
CKU,K D M Clothing Co (Ludhiana),PIYUSH(CKU),,,NEW DEVELOPMENT-185(96%POLYFILA 4%SPANDEX),PS,60,270,QATMEAL MELANGE,RFD,18973,KDC-2889,177.7,,6,SOFT FINISH,Rolling,,CKU-1791,,
CKU,Reliance Retail Limited (Richmond Road - Bangalore),PIYUSH(CKU),,,C-735B MILANGE,PS,60,250,GREY MELANGE,RFD,18974,KDC-2890,408.6,,13,SOFT WICKING (EXHAUST METHOD),Rolling,,CKU-1792,,
CKU,Reliance Retail Limited (Richmond Road - Bangalore),PIYUSH(CKU),,,C-735B MILANGE,PS,60,250,GREY MELANGE,RFD,18975,KDC-2891,395.7,,13,SOFT WICKING (EXHAUST METHOD),Rolling,,CKU-1793,,
GINZA UDHNA,,ARIK,,,L-126B / NS / 65,NS,44”,5.5,BOIL HEAT SET,,19041,,14.34,84,1,REGULAR F K,kanti,,ORD-20948,,
GINZA UDHNA,PAGE,SUNIL,,,A-2103/N/65”,N,59”,,V GREY RIDGE,,,GRP/303,35,560,2,F K,kanti,,ORD-20971,,
CKU,Makhija Brothers (Amardham),PIYUSH(CKU),,,C-917A-62,NS,60,150,PEACH,N-42397,19052,KDC-2893,195.7,,8,SOFT FINISH ,Rolling,,CKU-1796,,
CKU,Garland Apparels (Tirupur),PIYUSH(CKU),,,C-917FKG,NS,60,160,OLIVE,N-31035,19053,KDC-2894,209.4,,7,SOFT FINISH,Rolling,,CKU-1797,,
CKU,Cup Couture (Chennai),PIYUSH(CKU),,,C-656A(100%POLYFILA),P,63,105,HEATHER ROSE M-5017,M-5017,19055,KDC-2896,324.3,,13,SOFTWICKING(EXHAUSTMETHOD)+ANTITHERMAL(DRYNWET),Rolling,,CKU-1798,,
CKU,Cup Couture (Chennai),PIYUSH(CKU),,,C-656A(100%POLYFILA),P,63,105,V MICROCHIP CKU-18743,CKU-18743,19056,KDC-2897,174.8,,7,SOFTWICKING(EXHAUSTMETHOD)+ANTITHERMAL(DRYNWET),Rolling,,CKU-1799,,
CKU,Cup Couture (Chennai),PIYUSH(CKU),,,C-672,P,64,120,PEARL BLUSH M-1775,M-1775,19060,KDC-2901,170.9,,7,SOFTWICKING(EXHAUSTMETHOD)+ANTITHERMAL(DRYNWET),Rolling,,CKU-1801,,
CKU,Cup Couture (Chennai),PIYUSH(CKU),,,C-656A(100%POLYFILA),P,63,105,BROWN HF-2995,HF-2995,19057,KDC-2898,173.6,,7,SOFTWICKING(EXHAUSTMETHOD)+ANTITHERMAL(DRYNWET),Rolling,,CKU-1803,,
GINZA UDHNA,SAGAR PRODUCTS,VIRENDER,,,L-20A / NS /130’’,NS,58’’,165,NAVY,N-47064,19017,,315,1042,8,SOFT   ROLL,Rolling,,ORD-20999,,
GINZA UDHNA,GOPAL,VIRENDER,,,TR-515 / PS / 85’’,PS,58’’,95,BLACK APC,D-15246,18381,,152,1065,7,SOFT   KANTI,kanti,urgent,ORD-21000,,
GINZA UDHNA,JOCKEY,VIRENDER,,,TR-1 / NS / 85’’,NS,57’’,130,V SEA PINK,MATCH TO STD,19095,,102,512,4,JOCKEY ROLL,Rolling,,ORD-21001,,
GINZA UDHNA,JOCKEY,VIRENDER,,,TR-1 / NS / 85’’,NS,57’’,130,V CANDLE LIGHT PEACH,MATCH TO STD,19096,,102,512,4,JOCKEY ROLL,Rolling,,ORD-21002,,
GINZA UDHNA,GINZA UDHNA,VIRENDER,,,L-4008A / NS / 130’’,NS,58’’,180,WHITE,REGULAR,19094,,201,602,5,SOFT KANTI,kanti,,ORD-21003,,
GINZA UDHNA,GINZA UDHNA,VIRENDER,,,TR-1 / NS / 85’’,NS,58’’,130,COL TO BLACK,REGULAR,13554,,50,253,2,SOFT KANTI,kanti,,ORD-21013,,
GINZA UDHNA,GINZA UDHNA,VIRENDER,,,L-83 / NS / 130’’,NS,58’’,200,COL. TO BLACK,REGULAR,12813,,38,95,1,SOFT KANTI,kanti,,ORD-21014,,
GINZA UDHNA,INTIMATE,SUNIL,,,A-2103/N/65”,N,59”,,MARY ROSE,N-25457,19112,,17.3,277,1,F K,kanti,,ORD-21026,,
CKU,Absj Fashion Llp (Gurgaon),PIYUSH(CKU),,,NEW DEVELOPMENT-215(100%POLYESTER),P,65,170,BLACKENED PEARL,HF-792,18913,KDC-2870,167.3,,7,SOFT WICKING,Rolling,,CKU-1805,,
GINZA UDHNA,K . CHOITHRAM,VIRENDER,,,L-3054 / PS / 130’’,PS,58’’,220,NAVY BLUE,OLD LOT 16490,19165,,216,497,5,SOFT ROLLING,Rolling,,ORD-21052,,
GINZA UDHNA,K . CHOITHRAM,VIRENDER,,,L-3054 / PS / 130’’,PS,58’’,220,BLACK,OLD LOT 16491,19166,,85,195,2,SOFT ROLLING,Rolling,,ORD-21053,,
GINZA UDHNA,K . CHOITHRAM,VIRENDER,,,L-3054 / PS / 130’’,PS,58’’,220,BLACK,OLD LOT 16491,18634,,129,296,3,SOFT ROLLING,Rolling,,ORD-21054,,
GINZA UDHNA,SAGAR PRODUCTS,VIRENDER,,,L-20A / NS /130’’,NS,58’’,165,BLACK APC,N-46992,19164,,354,1171,9,SOFT ROLLING,Rolling,,ORD-21055,,
CKU,Shree Balaji Industries (Tirupur),PIYUSH(CKU),,,NEW DEVELOPMENT-199(74%POLYFILA 26%SPANDEX),PS,60,270,RFD,RFD,19123,KDC-2910,402.8,,15,SOFT WICKING PH MAINTAIN,Rolling,,CKU-1807,,
CKU,Ginza Industries Ltd. (Ambernath Exports),PIYUSH(CKU),,,C-233KG,CS,72,220,BRIGHT WHITE,REGULAR,19117,KDC-2904,23.8,,1,SILICON FINISH,Rolling,,CKU-1808,,
CKU,UDIT SIR,PIYUSH(CKU),,,NEW DEVELOPMENT-171FD,PS,60,180,NAVY ,OPEN,19118,KDC-2905,28.14,,1,SOFT FINISH,Rolling,,CKU-1809,,
CKU,Shree Balaji Industries (Tirupur),PIYUSH(CKU),,,NEW DEVELOPMENT-199(74%POLYFILA 26%SPANDEX),PS,60,270,RFD,RFD,19124,KDC-2911,412.7,,18,SOFT WICKING PH MAINTAIN,Rolling,,CKU-1811,,
CKU,K D M Clothing Co (Ludhiana),PIYUSH(CKU),,,NEW DEVELOPMENT-185(96%POLYFILA 4%SPANDEX),PS,60,270,MAUVE MELANGE,CKU-22842,19119,KDC-2906,375.6,,14,SOFT FINISH,Rolling,,CKU-1813,,
CKU,Shree Balaji Industries (Tirupur),PIYUSH(CKU),,,NEW DEVELOPMENT-199(74%POLYFILA 26%SPANDEX),PS,60,270,RFD,RFD,19125,KDC-2912,213.3,,8,SOFT WICKING PH MAINTAIN,Rolling,,CKU-1815,,
CKU,Garland Apparels (Tirupur),PIYUSH(CKU),,,C-917A-72,NS,60,160,NAVY,N-2305,19127,KDC-2914,209.95,,7,SOFT FINISH,Rolling,,CKU-1816,,
GINZA UDHNA,SAGAR PRODUCTS,VIRENDER,,,L-20A / NS /130’’,NS,58’’,165,BLACK APC,N-46992,19267,,360,1188,9,SOFT ROLLING,Rolling,,ORD-21112,,
GINZA UDHNA,GINZA UDHNA,VIRENDER,,,TR-1 / NS / 85’’,NS,58’’,130,WHITE,REGULAR,19270,,181,906,7,SOFT KANTI,kanti,,ORD-21115,,
CKU,Aark Krishav Apparels Private Limited,PIYUSH(CKU),,,C-735F,PS,60,250,ITALIAN PLUM,HF-4068,18769,KDC-2846,75.9,,3,SOFT WICKING ,Rolling,FINISH CONFIRM WITH NAMITA,CKU-1818,,
CKU, H A Creation,PIYUSH(CKU),,,C-233-70,CS,72,220,PEARL,CL-39715,19201,KCITGOT2526-02916,129.8,,4,SILICON FINISH,Rolling,,CKU-1819,,
CKU,CUP COUTURE,PIYUSH(CKU),,,C-672-76,P,64,120,BRACKEN,M-9356,18048,K-02753,168.9,,7,SOFTWICKING(EXHAUSTMETHOD)+ANTITHERMAL(DRYNWET),Rolling,,CKU-1820,,
CKU,H A Creation,PIYUSH(CKU),,,C-233-70,CS,72,220,PEARL,CL-39715,19200,KCITGOT2526-02915,263.1,,8,SILICON FINISH,Rolling,,CKU-1822,,
CKU, PAGE INDUSTRIES,PIYUSH(CKU),,,NEW SAMPLE-1228A,PS,63,105,V GREY RIDGE,CKU-18396,19205,KCITGOT2526-02920,389.6,,13,SOFT WICKING(EXHAUST METHOD)+ANTITHERMAL (DRY N WET),Rolling,,CKU-1821,,
CKU,Encot Fabrics Pvt Ltd (Boisar),PIYUSH(CKU),,,NEW SAMPLE-489AF(92%POLYFILAMENT 08%SPANDEX),PS,60,210,RFD,RFD,19212,KCITGOT2526-02927,390,,15,HANDFEELSHOULDBEASPERCUTTINGAPC-290403LYINGWITHAJAYMASTER,Rolling,,CKU-1824,,
CKU,Cup Couture (Chennai),PIYUSH(CKU),,,C-656A(100%POLYFILA),P,63,105,V J COFFEE CKU-18130,CKU-18130,19213,KCITGOT2526-02928,174.5,,7,SOFTWICKING(EXHAUSTMETHOD)+ANTITHERMAL(DRYNWET),Rolling,,CKU-1825,,
CKU,B.K. Enterprises (Delhi),PIYUSH(CKU),,,C-222A (90%MICROMODAL 10%SPANDEX),CS,72,200,L.NUDE CL-33421,CL-33421,19214,KCITGOT2526-02929,375.6,,13,SILICON FINISH,Rolling,,CKU-1826,,
GINZA UDHNA,GINZA UDHNA,KULDEEP,,,S-963/PS-103,PS,60’’,,SKY BLUE,D-15241,19263,,205.62,1028,12,SOFT FINISH F K,kanti,FINISH QUALITY 3.75 MTR,ORD-21188,,
GINZA UDHNA,TRIUMPH,SUNIL,,,A-2173/N/65”,N,60”,,WHITE,AS PER JITESH BHAI,19044,,40.3,161,2,ROLLING,Rolling,,ORD-21190,,
GINZA UDHNA,VEDANT,SUNIL,,,A-1127A/P/65”,P,56”,,BLACK-APC,,19260,,51.34,297,3,F K,kanti,COLOUR CUTTING SEND TO URVISH BHAI,ORD-21194,,
GINZA UDHNA,SVM,SUNIL,,,A-1189/P/65”,P,56”,,BEIGE,D-14767,,GRP/355,38.04,176,2,F K,kanti,,ORD-21197,,
CKU,H A CREATION,PIYUSH JI(CKU),,,C-233-70,CS,72,220,SKIN,CL-39862,16399,K-02407,196.6,,6,SILICON FINISH,Rolling,,CKU-1828,,
CKU,H A CREATION,PIYUSH JI(CKU),,,C-233-70,CS,72,220,SKIN,CL-39862,16400,K-02408,374,,11,SILICON FINISH,Rolling,,CKU-1829,,
CKU,B.K. Enterprises (Delhi),PIYUSH(CKU),,,C-225(95%MICROMODAL 05%SPANDEX),CS,72,160,ORANG RUST,CL-41073,18768,KDC-2845,375.5,,11,SILICONFINISH,Rolling,,CKU-1830,,
CKU,CULTSPORTS/AMBERNATH,PIYUSH(CKU),,,C-715FA,PS,60,160,BLACK BEAUTY,HF-3718,17546,K-02639,75,,3,SOFT WICKING  ,Rolling,,CKU-1831,,
CKU,CULTSPORTS/AMBERNATH,PIYUSH(CKU),,,C-715FA,PS,60,160,CONFETTI,CKU-22780,17545,K-02638,74.4,,3,SOFT WICKING  ,Rolling,,CKU-1832,,
GINZA UDHNA,INTIMATE,VIRENDER,,,TR-1 / NS / 85’’,NS,58’’,130,PURPLE PLUMERIA,N-46108 ( proper matching ),19314,,76,381,3,JOCKEY INTIMATE ROLL,Rolling,,ORD-21256,,
GINZA UDHNA,INTIMATE,VIRENDER,,,TR-1 / NS / 85’’,NS,58’’,130,RED-APC,N-46495 (proper matching ),19316,,76,380,3,JOCKEY INTIMATE ROLL,Rolling,,ORD-21257,,
GINZA UDHNA,GINZA UDHNA,VIRENDER,,,TR-1 / NS / 85’’,NS,58’’,130,BOIL+ HEAT SET,REGULAR,18566,,97,485,4,SOFT KANTI,kanti,,ORD-21258,,
GINZA UDHNA,GINZA UDHNA,VIRENDER,,,TR-1 / NS / 85’’,NS,58’’,130,BOIL+ HEAT SET,REGULAR,19313,,105,515,5,SOFT KANTI,kanti,,ORD-21259,,
GINZA UDHNA,GINZA UDHNA,KULDEEP,,,A-514/N-66,NN,56’’,,GAJARI,N-35584,19320,,229,1785,18,SOFT FINISH F K,kanti,FINISH QUALITY 8.50 MTR,ORD-21262,,
CKU,CULTSPORTS/AMBERNATH,PIYUSH(CKU),,,C-655F,P,60,150,BUTTERFLY,CKU-20910,19276,KCI-224,81.37,,3,SOFT WICKING,Rolling,FOR ADDTION,CKU-1833,,
CKU,PAGE INDUSTRIES,PIYUSH(CKU),,,NEW SAMPLE-1228A       ,PS,60,140,VP BLACK,P-118,19279,KDC-2933,331.2,,11,SOFT WICKING(EXHAUST METHOD),Rolling,,CKU-1834,,
CKU,Cultsport Private Limited (Bangalore),PIYUSH(CKU),,,NEW DEVELOPMENT-276A(POLY FILAMENT100%),P,64,135,DELPHIUM BLUE,CKU-22275,19282,KDC-2936,82,,3,SOFTWICKING,Rolling,,CKU-1838,,
CKU,Arcatron Mobility Private Limited (Pune),PIYUSH(CKU),,,C-917A-62,NS,70,165,TUTU PINK,N-47118,19285,KDC-2939,200.4,,8,SOFT FINISH,Rolling,,CKU-1839,,
CKU,Arcatron Mobility Private Limited (Pune),PIYUSH(CKU),,,C-917A-62,NS,70,165,Pebble Grey,N-33343,19287,KDC-2941,75.2,,3,SOFT FINISH,Rolling,,CKU-1840,,
CKU,Arcatron Mobility Private Limited (Pune),PIYUSH(CKU),,,C-917A-62,NS,70,165,TUTU PINK,N-47118,19288,KDC-2942,75.1,,3,SOFT FINISH,Rolling,,CKU-1841,,
CKU,CULTSPORTS,PIYUSH(CKU),,,NEW DEVELOPMENT-211,PS,64,170,NEON GREEN,CKU-21271,19283,KDC-2937,93.5,,3,SOFT WICKING,Rolling,,CKU-1844,,
CKU,Arcatron Mobility Private Limited (Pune),PIYUSH(CKU),,,C-917A-62,NS,70,165,TUTU PINK,N-47118,19286,KDC-2940,75,,3,SOFT FINISH,Rolling,,CKU-1845,,
CKU,TAPIO CRATION,PIYUSH(CKU),,,NEW DEVELOPMENT-144,P,70,180,BURGANDY,HF-3003,19289,KDC-2943,87.7,,4,SOFT FINISH,Rolling,NEED URGENT BASIS,CKU-1846,,
Orchid Embroideries (Udhna) Sun,,EXTERNAL,,,POLY COTTON/PC/52	,,47,,WHITE,,7906,,178.2,924,66,AS/LAST PROCESS BY PRO NO:-1585-A   folding,Folding,SN2425/7906,ORD-21265,,
Orchid Embroideries (Udhna) Sun,,EXTERNAL,,,POLY COTTON/PC/52	,,47,,WHITE,,7451,,180.9,938,67,AS/LAST PROCESS BY PRO NO:-1585-A folding,Folding,SN2425/7451,ORD-21267,,
Orchid Embroideries (Udhna) Sun,,EXTERNAL,,,POLY COTTON/PC/52	,,47,,WHITE,,7906,,91.8,476,34,AS/LAST PROCESS BY PRO NO:-1585-A  folding,Folding,SN2425/7906,ORD-21268,,
GINZA UDHNA,GINZA UDHNA,KULDEEP,,,A-17A/N-62,NN,56’’,,NUDE,N-42517,19404,,270.26,1642,16,SOFT FINISH F K,kanti,OLD LOT NO. 11474-FINISH QUALITY 6.75 MTR,ORD-21315,,
GINZA UDHNA,GINZA UDHNA,KULDEEP,,,S-766A/PS-68,PS,56’’,,BLACK,REGULAR,19405,,262.24,1127,14,SOFT FINISH F K,kanti,FINISH QUALITY 5.20 MTR,ORD-21316,,
GINZA UDHNA,JACKMAN,SUNIL,,,A-1187/P/65”,,56”,,WHITE (HEAT SET),,19390,,199.66,1357,14,ROLLING,Rolling,COLOUR CUTTING SEND TO URVISH BHAI,ORD-21325,,
GINZA UDHNA,JACKMAN,SUNIL,,,A-1187/P/65”,,56”,,WHITE (HEAT SET),,19391,,201.66,1369,14,ROLLING,Rolling,COLOUR CUTTING SEND TO URVISH BHAI,ORD-21326,,
GINZA UDHNA,JACKMAN,SUNIL,,,A-1187/P/65”,,56”,,WHITE (HEAT SET),,19392,,200.5,1359.5,14,ROLLING,Rolling,COLOUR CUTTING SEND TO URVISH BHAI,ORD-21327,,
GINZA UDHNA,MODERN,SUNIL,,,A-1448/P/65”,,56”,120 GSM,FLOROCENT GREEN,,19420,,154.86,929,9,ROLLING,Rolling,,ORD-21333,,
GINZA UDHNA,MODERN,SUNIL,,,A-1448/P/65”,,56”,120 GSM,FLOROCENT GREEN,,19421,,150.26,902,9,ROLLING,Rolling,,ORD-21334,,
GINZA UDHNA,MODERN,SUNIL,,,A-1448/P/65”,,56”,120 GSM,FLOROCENT GREEN,,GRP/413,,156.9,941,9,ROLLING,Rolling,,ORD-21335,,
GINZA UDHNA,MODERN,SUNIL,,,A-1448/P/65”,,56”,120 GSM,FLOROCENT GREEN,,GRP/414,,155.36,931.5,9,ROLLING,Rolling,,ORD-21336,,
GINZA UDHNA,INTIMATE,SUNIL,,,A-1519B/P/65”,,58’’,,V CLASSIC NAVT TO V NEW BLACK,,19423,,139.34,595,4,ROLLING,Rolling,RF GOODS,ORD-21340,,
GINZA UDHNA,INTIMATE,SUNIL,,,A-1519B/P/65”,,58’’,,HEAT SET TO V NEW BLACK,,19424,,51.87,211,2,ROLLING,Rolling,RF GOODS,ORD-21341,,
GINZA UDHNA,PAGE,SUNIL,,,A-1519B/P/65”,,58’’,,V P BLACK,,17183,,183.4,696.5,6,ROLLING,Rolling,,ORD-21342,,
GINZA UDHNA,PAGE,SUNIL,,,A-1519B/P/65”,,58’’,,V NEW STEEL GREY MILANGE,,17249,,174.3,662,5,ROLLING,Rolling,,ORD-21343,,
GINZA UDHNA,SGU,VIRENDER,,,TR-1 / NS /85’’,NS,58’’,130,WAFFLE,N-47367,18756,,77,385,3,SOFT KANTI,kanti,,ORD-21344,,
GINZA UDHNA,TAPIO,VIRENDER,,,TR-508 / PS / 85’’,PS,58’’,110-112,PINK,D-15318,19417,,269,1617,13,SOFT KANTI,kanti,,ORD-21345,,
GINZA UDHNA,TAPIO,VIRENDER,,,TR-508 / PS / 85’’,PS,58’’,110-112,OLIVE,D-15313,19418,,83,501,4,SOFT KANTI,kanti,,ORD-21346,,
GINZA UDHNA,GINZA UDHNA,VIRENDER,,,TR-45A / NS / 85’’,NS,56’’,200,WHITE,REGULAR,19388,,140,476,4,SOFT KANTI,kanti,urgent,ORD-21347,,
GINZA UDHNA,FREEWILL SPORTS,VIRENDER,,,L-3009 / PS / 130’’,PS,58’’,220,BLACK,OLD LOT 16801 OK,19385,,407,814,10,SOFT WICKING ( old lot 16801 ok      ROLL,Rolling,urgent,ORD-21350,,
GINZA UDHNA,K G SPORTS,VIRENDER,,,L-3054 / PS / 130’’,PS,58’’,220-225,NAVY,D-2602 OLD LOT 6467,19387,,170,391,4,AS PER SAMPLE ( SOFT )    ROLL,Rolling,,ORD-21352,,
GINZA UDHNA,,ARIK,,,SP-093 / NS / 65,NS,56”,4.2,BLACK – APC,NOTE :- MACHE TO APC CUTTING,17406,,47.84,215,3,REGULAR F K,kanti,,ORD-21369,,
CKU,CUP COUTURE,PIYUSH(CKU),,,C-672-76,P,64,120,DEEP TOUPE,CKU-15407,17214,K-02547,321.2,,13,SOFTWICKING(EXHAUSTMETHOD)+ANTITHERMAL(DRYNWET),Rolling,,CKU-1848,,
CKU,CULTSPORTS/AMBERNATH,PIYUSH(CKU),,,C-917A-72,NS,60,150,MOONSTRUCK,N-46157,19338,-,210.5,,7,ANTI-STATIC WICKING FASTDRYAND ANTI-MICROBIAL,Rolling,NEED FABRIC TOP URGENT ,CKU-1851,,
GINZA UDHNA,LEMONLORDS,VIRENDER,,,L-95 / PS / 130’’,PS,58’’,165,WHITE,REGULAR,19474,,166,583,4,SOFT KANTI,kanti,,ORD-21395,,
GINZA UDHNA,LEMONLORDS,VIRENDER,,,L-3009 / PS / 130’’,PS,58’’,220,PINK,D-14501,19475,,83,166,2,SOFT KANTI,kanti,,ORD-21396,,
GINZA UDHNA,LEMONLORDS,VIRENDER,,,L-3009 / PS / 130’’,PS,58’’,220,RED,D-14495,19476,,83,165,2,SOFT KANTI,kanti,,ORD-21397,,
GINZA UDHNA,MAA CREATIONS,VIRENDER,,,TR-1 / NS / 85’’,NS,58’’,130,BLACK,OLD LOT 16808,19477,,190,953,8,SOFT KANTI,kanti,,ORD-21398,,
GINZA UDHNA,MAA CREATIONS,VIRENDER,,,TR-1 / NS / 85’’,NS,58’’,130,BLACK,OLD LOT 16808,19478,,294,1470,12,SOFT KANTI,kanti,urgent,ORD-21399,,
GINZA UDHNA,MAA CREATIONS,VIRENDER,,,TR-1 / NS / 85’’,NS,58’’,130,BLACK,OLD LOT 16808,19479,,296,1483,13,SOFT KANTI,kanti,urgent,ORD-21400,,
GINZA UDHNA,MAA CREATIONS,VIRENDER,,,TR-1 / NS / 85’’,NS,58’’,130,BLACK,OLD LOT 16808,19480,,87,437,4,SOFT KANTI,kanti,,ORD-21401,,
GINZA UDHNA,MAA CREATIONS,VIRENDER,,,TR-1 / NS / 85’’,NS,58’’,130,BLACK,OLD LOT 16808,19389,,171,855,7,SOFT KANTI,kanti,,ORD-21402,,
GINZA UDHNA,K. KENECO,VIRENDER,,,L-3009 / PS / 130’’,PS,58’’,220-225,PEACH APC,OLD LOT NO. 16573,19029,,199,399,5,AS PER SAMPLE  KANTI,kanti,,ORD-21403,,
GINZA UDHNA,K. KENECO,VIRENDER,,,L-3009 / PS / 130’’,PS,58’’,220-225,COFFEE,OLD LOT NO. 15124,19030,,206,413,5,AS PER SAMPLE  KANTI,kanti,,ORD-21404,,
GINZA UDHNA,K. KENECO,VIRENDER,,,L-3009 / PS / 130’’,PS,58’’,220-225,MAROON,D-10995,19031,,207,415,5,AS PER SAMPLE  KANTI,kanti,,ORD-21405,,
GINZA UDHNA,K. KENECO,VIRENDER,,,L-3009 / PS / 130’’,PS,58’’,220-225,NAVY,OLD LOT NO. 15069,19032,,214,428,5,AS PER SAMPLE  KANTI,kanti,,ORD-21406,,
GINZA UDHNA,TPS,VIRENDER,,,L-4008A / NS / 130’’,NS,"60""",190,BLACK,N-31477 OLD LOT 15666,19409,,193,579,5,SUPER SOFT  ROLL,Rolling,,ORD-21407,,
GINZA UDHNA,TPS,VIRENDER,,,L-4008A / NS / 130’’,NS,"60""",190,NAVY,N-31966 OLD LOT 13398,19410,,197,593,5,SUPER SOFT  ROLL,Rolling,,ORD-21408,,
GINZA UDHNA,TPS,VIRENDER,,,L-4008A / NS / 130’’,NS,"60""",190,GOLD,N-31436 OLD LOT 17830,19411,,197,591,5,SUPER SOFT  ROLL,Rolling,,ORD-21409,,
GINZA UDHNA,POOMER FASHION,VIRENDER,,,L-4008A / NS / 130’’,NS,"60""",185-195,COPPER,N-20723 match std,19412,,197,592,5,SUPER SOFT  ROLL,Rolling,urgent,ORD-21410,,
GINZA UDHNA,SAGAR PRODUCTS,VIRENDER,,,L-20A / NS /130’’,NS,"58""",165,BLACK APC,N-46992,19487,,299,986,8,SOFT ROLLING,Rolling,,ORD-21411,,
GINZA UDHNA,TPS,VIRENDER,,,L-4008A / NS / 130’’,NS,"60""",190,SILVER,N-31433 OLD LOT 15663,19413,,196,590,5,SUPER SOFT  ROLL,Rolling,,ORD-21412,,
GINZA UDHNA,,ARIK,,,RS-9364 / P / 43,P,56”,4,BEIGE,LAB NO :- D-15454,19324,,133.18,639.5,9,REGULAR F K,kanti,TOP MOST URGANT,ORD-21413,,
GINZA UDHNA,,ARIK,,,RS-9364 / P / 43,P,56”,4,TARQE,LAB NO :- D-15431,19325,,129.1,619.5,8,REGULAR F K,kanti,TOP MOST URGANT,ORD-21414,,
GINZA UDHNA,,ARIK,,,RS-9364 / P / 43,P,56”,4,GREEN,LAB NO :- D-15426,19327,,130.56,626,8,REGULAR F K,kanti,TOP MOST URGANT,ORD-21416,,
GINZA UDHNA,GINZA UDHNA,KULDEEP,,,JLS-224A/NS-66,NS,54’’,,GRENOBLE GREEN,N-46597,17409,,101.5,376,6,SOFT FINISH F K,kanti,FINISH QUALITY 5.20 MTR,ORD-21451,,
GINZA UDHNA,GINZA UDHNA,KULDEEP,,,JLS-224A/NS-66,NS,54’’,,GRENOBLE GREEN,N-46597,19557,,173.58,642,13,SOFT FINISH F K,kanti,FINISH QUALITY 5.20 MTR,ORD-21452,,
GINZA UDHNA,GINZA UDHNA,KULDEEP,,,RD-33A/NP-82,NP,74’’,,B+HEAT SET,REGULAR,19483,,92.4,831.5,7,SOFT FINISH F K,kanti,FINISH QUALITY 9 MTR,ORD-21453,,
GINZA UDHNA,GINZA UDHNA,KULDEEP,,,JLS-248/NS-66,NS,54’’,,BUTTER YELLOW,N-46202,19552,,94,263.5,4,SOFT FINISH F K,kanti,OLD LOT 18099 - FINISH QUALITY 5.20 MTR,ORD-21454,,
GINZA UDHNA,GINZA UDHNA,KULDEEP,,,JLS-248/NS-66,NS,54’’,,BUTTER YELLOW,N-46202,19553,,91.6,256.5,4,SOFT FINISH F K,kanti,OLD LOT 18099 - FINISH QUALITY 5.20 MTR,ORD-21455,,
Orchid Embroideries (Udhna) Sun,,EXTERNAL,,,ORGANZA	,,47,,WHITE,LP-26392,8483,,,765,51,AS/LAST,Rolling,,ORD-21459,,
Orchid Embroideries (Udhna) Sun,,EXTERNAL,,,ORGANZA	,,47,,CREAM,9361,8483,,,360,24,AS/LAST,Rolling,,ORD-21460,,
CKU,Raji Exports (Tirupur),PIYUSH(CKU),,,NEW DEVELOPMENT-215C(Polyester100%),P,64,170,LILAC,CKU-23111,18578,KDC-2822,403.9,,14,SILICON FINISH,Rolling,,CKU-1854,,
CKU,Raji Exports (Tirupur),PIYUSH(CKU),,,NEW DEVELOPMENT-215C(Polyester100%),P,64,170,TEAL,CKU-23105,18589,KDC-2823,403.9,,14,SILICON FINISH,Rolling,,CKU-1855,,
CKU,Raji Exports (Tirupur),PIYUSH(CKU),,,NEW DEVELOPMENT-215C(Polyester100%),P,64,170,BEIGE,CKU-23165,18580,KDC-2824,401.5,,14,SILICON FINISH,Rolling,,CKU-1856,,
CKU,Raji Exports (Tirupur),PIYUSH(CKU),,,NEW DEVELOPMENT-215C(Polyester100%),P,64,170,OLIVE,CKU-23067,18581,KDC-2825,403.4,,14,SILICON FINISH,Rolling,,CKU-1857,,
CKU,Cup Couture (Chennai),PIYUSH(CKU),,,C-656A(100%POLYFILA),P,63,105,WINSOME ORCHID CKU-22040,CKU-22040,19344,-,174.6,,7,SOFTWICKING(EXHAUSTMETHOD)+ANTITHERMAL(DRYNWET),Rolling,,CKU-1859,,
GINZA UDHNA,,SUNIL,,P-8468-A/712,A-1105/P/46”,P,56,,LT GREY,D-15301,19306,,38,555,3,F K,kanti,,ORD-21502,,
GINZA UDHNA,GINZA UDHNA,VIRENDER,,,L-88 / PS / 130’’,PS,"58""",185,BOIL+ HEAT SET,P H MAINTAIN,19542,,165,413,4,SOFT KANTI,kanti,,ORD-21513,,
GINZA UDHNA,GINZA UDHNA,VIRENDER,,,TR-6Z / NS / 85’’,NS,"58""",108,BOIL+ HEAT SET,REGULAR,19544,,114,746,6,SOFT KANTI,kanti,,ORD-21514,,
GINZA UDHNA,GINZA UDHNA,VIRENDER,,,TR-6Z / NS / 85’’,NS,"58""",108,BOIL+ HEAT SET,REGULAR,19545,,41,271,3,SOFT KANTI,kanti,,ORD-21515,,
GINZA UDHNA,RICAMO,VIRENDER,,,TR-45A / NS / 85’’,NS,"56""",200,CREAM,N-47220,19312,,70,238,2,SOFT KANTI,kanti,,ORD-21516,,
GINZA UDHNA,RICAMO,VIRENDER,,,TR-1 / NS / 85’’,NS,"58""",130,CREAM,N-47220,19315,,77,389,3,SOFT KANTI,kanti,,ORD-21517,,
GINZA UDHNA,GINZA UDHNA,VIRENDER,,,TR-520 / NS / 85’’,NS,"58""",155,BOIL+ HEAT SET,REGULAR,19035,,181,726,7,SOFT KANTI,kanti,,ORD-21520,,
CKU,AHUJA INDUSTRIES,PIYUSH(CKU),,,NEW DEVELOPMENT-250A,MPS,60,180,BEIGE,CL-40955,17683,K-02668,171,,7,SOFT FINISH,Rolling,,CKU-1860,,
CKU,Arcatron Mobility Private Limited (Pune),PIYUSH(CKU),,,C-917A-62,NS,70,165,APC GREEN,N-47112,19126,KDC-2913,197.5,,8,SOFT FINISH,Rolling,,CKU-1862,,
CKU,Ginza Industries Limited (SGU),PIYUSH(CKU),,,C-732(90%POLYESTER 10%SPANDEX),PS,60,180,MUSHROOM,CKU-22919,18447,KDC-2808,197.6,,7,SOFT FINISH,Rolling,,CKU-1863,,
CKU,Ginza Industries Limited (SGU),PIYUSH(CKU),,,C-732(90%POLYESTER 10%SPANDEX),PS,60,180,RAISIN,CKU-22913,18448,KDC-2809,197,,7,SOFT FINISH,Rolling,,CKU-1864,,
CKU,RELIANCE,PIYUSH(CKU),,,NEW SAMPLE-1393,N,60,160,BLACK,N-46344,19492RF,KCI-228,484.75,,22,SOFT FINISH ,Rolling,FOR EXTRA SOFT FINISH,CKU-1865,,
CKU,K D M Clothing Co (Ludhiana),PIYUSH(CKU),,,NEW DEVELOPMENT-185(96%POLYFILA 4%SPANDEX),PS,60,270,ANTHRA MELANGE,HF-3854,19427,-,414.4,,16,SOFT FINISH,Rolling,,CKU-1869,,
CKU,Reliance Retail,PIYUSH(CKU),,,NEW SAMPLE-1393,N,60,160,BURGUNDY,N-43107,19432,-,40,,2,SOFT FINISH,Rolling,,CKU-1871,,
CKU, Reliance Retail,PIYUSH(CKU),,,NEW SAMPLE-1393,N,60,160,BLACK,N-46344,19433,-,84.6,,4,SOFT FINISH,Rolling,,CKU-1872,,
CKU,Encot Fabrics Pvt Ltd (Boisar),PIYUSH(CKU),,,NEW SAMPLE-489AF(92%POLYFILAMENT 08%SPANDEX),PS,60,210,RFD,RFD,19435,KDC-2966,416.3,,16,HANDFEELSHOULDBEASPERCUTTINGAPC-290403LYINGWITHAJAYMASTER,Rolling,,CKU-1874,,
CKU,Shree Balaji Industries (Tirupur),PIYUSH(CKU),,,NEW DEVELOPMENT-199(74%POLYFILA 26%SPANDEX),PS,60,270,RFD,RFD,19436,KDC-2967,213.1,,8,SOFT WICKING PH MAINTAIN,Rolling,,CKU-1875,,
CKU,K G Exports (Ludhiana),PIYUSH(CKU),,,NEW DEVELOPMENT-57B(89%NYLON 11%SPANDEX),NS,60,220,NAVY,AS PER LOT-12102,19489,KCI-225,171.5,,7,SOFT SILICON FINISH,Rolling,,CKU-1876,,
CKU,K G Exports (Ludhiana),PIYUSH(CKU),,,NEW DEVELOPMENT-57B(89%NYLON 11%SPANDEX),NS,60,220,AQUA,AS PER LOT-12103,19490,KCI-226,302.7,,12,SOFT SILICON FINISH,Rolling,,CKU-1877,,
CKU,K G Exports (Ludhiana),PIYUSH(CKU),,,NEW DEVELOPMENT-57B(89%NYLON 11%SPANDEX),NS,60,220,ECRU,AS PER LOT-12105,19491,KCI-227,305.7,,12,SOFT SILICON FINISH,Rolling,,CKU-1878,,
CKU,Cup Couture (Chennai),PIYUSH(CKU),,,C-656A(100%POLYFILA),P,63,105,V NEW BLACK M-5164,M-5164,19499,KDC-2974,423.7,,17,SOFTWICKING(EXHAUSTMETHOD)+ANTITHERMAL(DRYNWET),Rolling,,CKU-1880,,
CKU,B.K. Enterprises (Delhi),PIYUSH(CKU),,,NEW SAMPLE-1450 (95%COTTON 05%SPANDEX),CS,72,160,COFFEE CL-39231,CL-39231,19500,KDC-2975,418,,16,EXTRA SOFT FINISH,Rolling,,CKU-1881,,
GINZA UDHNA,,VIRENDER,,P-8624-A,L-4083A/NPS-108   C/H/D/F,NPS,62,180,WHITE,OPEN,19310,,39.5,118.5,1,SOFT KETAN SIR,Rolling,C/H/D/F,ORD-21567,,
CKU,Ginza Industries Limited (SGU),PIYUSH(CKU),,,C-920F(82%NYLON 18%SPANDEX),NS,60,200,BLACK,N-47292,19430,KDC-2961,200.4,,8,SOFT FINISH,Rolling,,CKU-1882,,
CKU,B.K ENTERPRISES,PIYUSH(CKU),,,C-225(95 % MM 5% SPANDEX)),MMS,72,160,LAVENDER,CL-41028,17800,K-02696,385.2,,14,SILICON FINISH,Rolling,,CKU-1883,,
CKU,Cultsport Private Limited (Bangalore),PIYUSH(CKU),,,NEW DEVELOPMENT-276A(POLY FILAMENT100%),P,64,135,POWDER BLUE,CKU-22646,19280,KDC-2934,135,,5,SOFTWICKING,Rolling,,CKU-1884,,
CKU,Cultsport Private Limited (Bangalore),PIYUSH(CKU),,,NEW DEVELOPMENT-276A(POLY FILAMENT100%),P,64,135,BEAUTY BERRY,AS PER LOT 17374,19342,KDC-2954,81,,3,SOFTWICKING,Rolling,,CKU-1885,,
CKU,Cultsport Private Limited (Bangalore),PIYUSH(CKU),,,NEW DEVELOPMENT-276(POLY FILAMENT100%),P,64,135,FROST GRAY CKU-22300,CKU-22300,19428,KDC-2959,54,,2,SOFTWICKING,Rolling,,CKU-1886,,
CKU,Cultsport Private Limited (Bangalore),PIYUSH(CKU),,,NEW DEVELOPMENT-276(POLY FILAMENT100%),P,64,135,IRON GATE,HF-3275,19429,KDC-2960,55,,2,SOFTWICKING,Rolling,,CKU-1887,,
CKU,Cultsport Private Limited (Bangalore),PIYUSH(CKU),,,NEW DEVELOPMENT-276(POLY FILAMENT100%),P,64,135,CASHMERE ROSE CKU-22326,CKU-22326,19496,KDC-2971,55.1,,2,SOFTWICKING,Rolling,,CKU-1888,,
CKU,Cultsport Private Limited (Bangalore),PIYUSH(CKU),,,NEW DEVELOPMENT-276A(POLY FILAMENT100%),P,64,135,RASBERRY COULIS,MATCH WITH  AS PER LOT 17475,19497,KDC-2972,55.1,,2,SOFTWICKING,Rolling,,CKU-1889,,
CKU,Silvertraq International Private Limited (Tirupur),PIYUSH(CKU),,,C-715F(90%POLYESTER 10%SPANDEX),PS,60,160,MAUVE MIST CKU-22971,cku-22971,19507,KDC-2982,167.1,,7,SOFTWICKING(EXHAUSTMETHOD)+ANTIMICROBIAL,Rolling,,CKU-1891,,
CKU,B.K. Enterprises (Delhi),PIYUSH(CKU),,,SAMPLE1089,PS,60,150,ONION,cku-22891,19208,KDC-2923,30.7,,2,SOFT FINISH,Rolling,,CKU-1892,,
CKU,Indian Stitchers (Noida) Mumbai Branch,PIYUSH(CKU),,,C-655F,P,60,150,SKY BLUE CKU-22771,CKU-22771,19503,KDC-2978,175.3,,6,SOFT WICKING+SOFT FINISH,Rolling,,CKU-1893,,
CKU,B.K. Enterprises (Delhi),PIYUSH(CKU),,,SAMPLE1089,PS,60,150,RED,CKU-22877,19203,KDC-2918,146.75,,5,SOFT FINISH,Rolling,,CKU-1894,,
CKU,B.K. Enterprises (Delhi),PIYUSH(CKU),,,SAMPLE1089,PS,60,150,RED,CKU-22877,19209,KDC-2918,29.7,,1,SOFT FINISH,Rolling,,CKU-1895,,
CKU,B.K. Enterprises (Delhi),PIYUSH(CKU),,,SAMPLE1089,PS,60,150,WINE,CKU-22872,19204,KDC-2919,147.9,,5,SOFT FINISH,Rolling,,CKU-1896,,
CKU,B.K. Enterprises (Delhi),PIYUSH(CKU),,,SAMPLE1089,PS,60,150,WINE,CKU-22872,19210,KDC-2925,29.6,,1,SOFT FINISH,Rolling,,CKU-1897,,
CKU,Reliance Retail Limited (Richmond Road - Bangalore),PIYUSH(CKU),,,"NEW SAMPLE-1228B(Polyester89%,Spandex11%)",PS,60,100,BLACK BEAUTY,HF-3631,19332,-,180.8,,11,SOFT WICKING,Rolling,,CKU-1898,,
CKU,Indian Stitchers (Noida) Mumbai Branch,PIYUSH(CKU),,,C-655F,P,60,150,RED HF-3763,HF-3763,19504,KDC-2979,175.1,,6,SOFT WICKING+SOFT FINISH,Rolling,,CKU-1899,,
CKU,Silvertraq International Private Limited (Tirupur),PIYUSH(CKU),,,C-715F(90%POLYESTER 10%SPANDEX),PS,60,160,AQUA SKY 14-4811 TPX,CKU-22961,19505,KDC-2980,166.1,,7,SOFTWICKING(EXHAUSTMETHOD)+ANTIMICROBIAL,Rolling,,CKU-1900,,
CKU,Silvertraq International Private Limited (Tirupur),PIYUSH(CKU),,,C-715F(90%POLYESTER 10%SPANDEX),PS,60,160,ALMOND BLOSSOM CKU-22979,cku-22979,19506,KDC-2981,167.3,,7,SOFTWICKING(EXHAUSTMETHOD)+ANTIMICROBIAL,Rolling,,CKU-1901,,
CKU,Silvertraq International Private Limited (Tirupur),PIYUSH(CKU),,,C-715F(90%POLYESTER 10%SPANDEX),PS,60,160,IRON HF-4004,HF-4004,19508,KDC-2983,166.7,,7,SOFTWICKING(EXHAUSTMETHOD)+ANTIMICROBIAL,Rolling,,CKU-1902,,
CKU,B.K. Enterprises (Delhi),PIYUSH(CKU),,,SAMPLE1089,PS,60,150,ONION,cku-22891,19202,KDC-2917,144.9,,5,SOFT FINISH,Rolling,,CKU-1903,,
GINZA UDHNA,SRI KRISHNA,VIRENDER,,,L-74 / NS / 130’’,NS,60’’,190,BLUE,N-47037,19011,,386,965,10,SUPER SOFT  ROLLING,Rolling,urgent,ORD-21622,,
GINZA UDHNA,,ARIK,,,SP-051 / NS / 65,NS,56”,3.8,PEACH,OLD LAB NO :- N-2201 (MACH TO APC CUTTING),18762,,89.26,357.5,4,REGULAR F K,kanti,NOTE :- MACH TO APC CUTTING,ORD-21635,,
CKU,Ginza Industries Limited (SGU),PIYUSH(CKU),,,C-102KG,C,60,150,BLUE BELL,CL-41055,18302,KDC-2795,24.1,,1,SOFT FINISH,Rolling,,CKU-1904,,
GINZA UDHNA,,ARIK,,,RS-9364 / P / 43,P,56”,4,BROWN,LAB NO :- D-15403,19606,,133.38,640,8,REGULAR F K,kanti,TOP MOST URGANT,ORD-21647,,
GINZA UDHNA,,ARIK,,,RS-9364 / P / 43,P,56”,4,EMERALD,LAB NO :- D-15409,19607,,133,638.5,8,REGULAR F K,kanti,TOP MOST URGANT,ORD-21648,,
GINZA UDHNA,,ARIK,,,RS-9364 / P / 43,P,56”,4,DARK BEIGE,LAB NO :- D-15414,19608,,131.54,631,8,REGULAR F K,kanti,TOP MOST URGANT,ORD-21649,,
GINZA UDHNA,,ARIK,,,RS-9364 / P / 43,P,56”,4,DARK PURPLE,LAB NO:- D-15443,19609,,132.24,634.5,8,REGULAR F K,kanti,TOP MOST URGANT,ORD-21650,,
CKU,RVK,PIYUSH(CKU),,,NEW SAMPLE-809A,CS,65,350,BLACK,REGULAR,10374,K-01411,160.1,,5,SOFT FINISH,Rolling,,CKU-153,,
CKU,RVK,PIYUSH(CKU),,,NEW SAMPLE-809A,CS,65,350,BLACK,REGULAR,10375,K-01412,59.5,,2,SOFT FINISH,Rolling,,CKU-154,,
GINZA UDHNA,PRN IND,SUNIL,,,"A-1105/P/65""",POLY,"56""",-,CREAM,D-15349,19084,GRP/0280/02/26,175.84,2548,14,REGULAR,-,,UDN-1,,
GINZA UDHNA,PRN IND,SUNIL,,,"A-1105/P/65""",POLY,"56""",-,CREAM,D-15349,19085,GRP/0281/02/26,150.12,2176.5,13,REGULAR,-,,UDN-2,,
GINZA UDHNA,REGULAR,SUNIL,,,"A-1105/P/65""",POLY,"56""",-,BOIL HEAT SET,-,19085,GRP/0281/02/26,25.2,365.5,2,REGULAR,-,PH MAINTAIN FOR PRINT USE,UDN-3,,
GINZA UDHNA,JAKMAN,SUNIL,,,"A-1187/P/65""",POLY,"56""",-,WHITE (HEAT SET),-,19555,GRP/0431/02/26,198.66,1346,14,AS PER LAST,ROLL PACKING,COLOR CUTTING ALREADY SEND TO URVISH BHAI,UDN-8,,
GINZA UDHNA,JAKMAN,SUNIL,,,"A-1187/P/65""",POLY,"56""",-,WHITE (HEAT SET),-,19556,GRP/0432/02/26,87.58,596,6,AS PER LAST,ROLL PACKING,COLOR CUTTING ALREADY SEND TO URVISH BHAI,UDN-9,,
GINZA UDHNA,GIL EMB UNIT,SUNIL,,,"A-2069/N/84""",NYLON,"72""",-,BOIL HEAT SET,-,19601,GRP/0438/02/26,239.5,5029.5,12,REGULAR,-,DELIVERY AT GIL EMB UNIT,UDN-10,,
GINZA UDHNA,JAKMAN,SUNIL,,,"A-1187/P/65""",POLY,"56""",-,WHITE (HEAT SET),-,19610,GRP/0447/02/26,198.42,1349,14,AS PER LAST,ROLL PACKING,COLOR CUTTING ALREADY SEND TO URVISH BHAI,UDN-11,,
GINZA UDHNA,DREAMS,SUNIL,,,"A-2162A/N/65""",NYLON,"60""",-,WHITE,-,,GRP/0452/02/26,237.3,2964,13,REGULAR,-,,UDN-12,,
GINZA UDHNA,PROTECH,VIRENDRA,Ahmedabad,ravindra,L-3032 / PS / 130'',PS,58'',250,Black,old lot 16493,18572,110,495,448,5,soft,Roll,better fastness ,UDN-13,,
GINZA UDHNA,TPS,VIRENDRA,Tirupur,Ravi varman,L-4008A / ns / 130'',NS,60'',190,Bright rose gold,N-47526,19414,395,199,598,5,super soft,Roll,,UDN-14,,
GINZA UDHNA,ginza udhna,VIRENDRA,sur,running order,L-4008A / ns / 130'',NS,58'',180,White,Regular,19599,436,186,558,5,soft,kanti,,UDN-15,,
GINZA UDHNA,SGU,VIRENDRA,SGU,shakti,TR-59A / ns /85'',Ns,60'',155,Sedana sage,N-40037,19605,442,48,179,1,soft,kanti,china goods,UDN-16,,
GINZA UDHNA,ACCOARD FABRIC ,KULDEEP,,,JLS-180A/ NS / 66  ,NS,"56""",-,ORANGE,N-46011,19264,-,205.62,1043,12,SOFT,KATI,FINISH QTLY-6.80,UDN-19,,
GINZA UDHNA,ACCOARD FABRIC ,KULDEEP,,,JLS-180A/ NS / 66 ,NS,"56""",-,ORANGE,N-46011,19265,-,180.84,1048,12,SOFT,KATI,FINISH QTLY-6.80,UDN-20,,
GINZA UDHNA,ACCOARD FABRIC ,KULDEEP,,,JLS-180A/ NS / 66 ,NS,"56""",-,ORANGE,N-46011,19486,-,160.76,964,14,SOFT,KATI,FINISH QTLY-6.80,UDN-21,,
GINZA UDHNA,UDHNA,KULDEEP,,,S-73B / NS / 66,NS,"56""",-,BOIL+HEATSET,-,19651,-,35.22,218.5,3,SOFT,KATI,FINISH QTLY-7,UDN-22,,
GINZA UDHNA,GINZA UDHNA,KULDEEP,,,JL-243/N-64,N,54’’,,PINK,N-47526,18892,,186.1,1061.5,11,SOFT FINISH F K,kanti,FINISH QUALITY 6.30 MTR,ORD-21659,,
GINZA UDHNA,GINZA UDHNA,KULDEEP,,,A-71D/P-65,P,56’’,,R BLUE,D-15497,19173,,148.96,2456.5,12,SOFT FINISH F K,kanti,FINISH QUALITY 14.50 MTR,ORD-21660,,
GINZA UDHNA,GINZA UDHNA,KULDEEP,,,A-71D/P-65,P,56’’,,BOTTEL GREEN,D-15473,19174,,146.68,2420,14,SOFT FINISH F K,kanti,FINISH QUALITY 14.50 MTR,ORD-21661,,
GINZA UDHNA,GINZA UDHNA,KULDEEP,,,S-690C/NS-66,NS,56’’,,WHITE,AS PER LAST,19602,,233.24,839,12,SOFT FINISH F K,kanti,OLD LOT 17942- FINISH QUALITY 4.60 MTR,ORD-21662,,
GINZA UDHNA,GINZA UDHNA,KULDEEP,,,JLS-248/NS-66,NS,54’’,,CANY FLOSS PINK,N-46196,19604,,95.18,266.5,4,SOFT FINISH F K,kanti,OLD LOT 17246- FINISH QUALITY 3.70 MTR,ORD-21664,,
GINZA UDHNA,GINZA UDHNA,KULDEEP,,,A-17/N-62,N,56’’,,WHITE,REGULAR,19611,,81.1,389.5,5,SOFT FINISH F K,kanti,FINISH QUALITY 6.30 MTR,ORD-21665,,
CKU,Arcatron Mobility Private Limited (Pune),PIYUSH(CKU),,,C-917A-62,NS,60,180,CLOUD,PENDING 83 A RFD AWATING FRO APPROVAL,18976,KDC-2892,199.8,,8,SOFT FINISH,Rolling,,CKU-1905,,
GINZA UDHNA,TAPIO CREATION,KULDEEP,,,A-71 /N/ 65,N,56'',-,BLACK,AS PER LAST,19102,-,7.8,111,2,SOFT,KATI,FINISH QLTY-15 / OLD LOT 8051,UDN-24,,
GINZA UDHNA,TAPIO CREATION,KULDEEP,,,A-71 /N/ 65,N,56'',-,BLACK,AS PER LAST,19103,-,98.96,1482,7,SOFT,KATI,FINISH QLTY-15 / OLD LOT 8051,UDN-25,,
GINZA UDHNA,ginza udhna,VIRENDRA,,,L-20A / ns / 130'',Ns,58'',165,White,Regular,19655,454,157,519,4,soft,kanti,,UDN-26,,
GINZA UDHNA,BLUE MOON,VIRENDRA,,,L-92B / NS /130'',NS,58'',320,BLACK,Regular,19658,457,99,189,3,blue moon std,kanti,,UDN-27,,
GINZA UDHNA,ginza udhna,VIRENDRA,,,TR-1 / NS /85'',NS,58'',130,White,Regular,19656,455,173,866,7,soft,kanti,,UDN-28,,
GINZA UDHNA,Jockey,VIRENDRA,,,TR-1 / ns / 85'',ns,57'',130,V I C BLACK,MATCH TO STD,19657,456,99,497,4,jockey ,Roll,urgent,UDN-29,,
GINZA UDHNA,DREAMS,SUNIL,,,"A-2162A/N/65""",NYLON,"60""",-,WHITE,-,19653,GRP/0452/02/26,237.3,2964,13,REGULAR,-,,UDN-30,,
GINZA UDHNA,,VIRENDER,,P-8624-A,L-3094 S/F,PS,58,200,RFD,-,19715,,38,171,1,SOFT  PH KETAN SIR,Rolling,,ORD-21733,,
GINZA UDHNA,,VIRENDER,,P-8624-A,L-3095 S/F,PS,58,200,RFD,-,19716,,38,184,1,SOFT  PH KETAN SIR,Rolling,,ORD-21734,,
CKU,Welnit Industries,PIYUSH(CKU),,,C-917A-62,NS,60,170,GREY ,N-47424,19494,KDC-2969,200.3,,8,SOFT FINISH,Rolling,,CKU-1906,,
CKU,Welnit Industries,PIYUSH(CKU),,,C-917A-62,NS,60,170,BLACK,N-47430,19495,KDC-2970,200.35,,8,SOFT FINISH,Rolling,,CKU-1907,,
GINZA UDHNA,UDHNA,ARIK,,,L-310 / NS / 130,NS,62,218,WHITE,-,17650,341,58.2,146,2,REGULAR,TAKA FORM,FINISH QULITY 2.9,UDN-31,,
GINZA UDHNA,shastri garments,VIRENDRA,,,L-4008A / ns / 130'',NS,60'',190,MAROON,N-47454,19597,434,201,604,5,super soft,Roll,,UDN-32,,
GINZA UDHNA,shastri garments,VIRENDRA,,,L-4008A / ns / 130'',NS,60'',190,WINE,N-47459,19416,397,204,613,5,super soft,Roll,,UDN-33,,
GINZA UDHNA,EDEN GARDEN,ARIK,,,FL-362 / N / 65,N,56,108,BLACK,-,19707,460,130.68,784,11,REGULAR,TAKA FORM,"FINIDH QULITY 6.5 , NOTE :- FINISH AS PER SAMPLE",UDN-34,,
GINZA UDHNA,RAMA HANDICRAFT,ARIK,,,RS-9364 / P / 43,P,56,175,COBALT,D-15418,19714,467,131.38,631,9,REGULAR,TAKA FORM,FINISH QULITY 4,UDN-35,,
GINZA UDHNA,PAGE,SUNIL,,,"A-2103/N/65""",NYLON,"59""",-,V FRAGRANT LILAC,-,19176,GRP/0323/02/26,35,561,2,REGULAR,-,,UDN-36,,
GINZA UDHNA,PAGE,SUNIL,,,"A-2103/N/65""",NYLON,"59""",-,V IC BLACK,-,19177,GRP/0324/02/26,35,561,2,REGULAR,-,,UDN-37,,
GINZA UDHNA,PAGE,SUNIL,,,"A-2103/N/65""",NYLON,"59""",-,V J COFFEE,-,19271,GRP/0341/02/26,35.2,563,2,REGULAR,-,,UDN-38,,
GINZA UDHNA,PAGE,SUNIL,,,"A-2103/N/65""",NYLON,"59""",-,V FOLKSTONE GREY,-,19272,GRP/0342/02/26,35.2,563,2,REGULAR,-,OLD LOT NO. REF NO. 9089,UDN-39,,
GINZA UDHNA,MAXWELL,SUNIL,,,"A-1448B ORANGE/P/65""",POLY,"63""",135,HEAT SET,-,19705,GRP/0458/02/26,160.8,803,8,HARD FINISH,ROLL PACKING,DYED YARN ONLY FINISH,UDN-40,,
GINZA UDHNA,NETFLEX,VIRENDRA,,,TR-534 RFD / PS /58'',PS,58'',95,TEAL,D-15450,19257,327,316,2119,12,soft,kanti,,UDN-41,,
GINZA UDHNA,GINZA,KULDEEP,,,S-536 /NS/ 66,NS,56'',-,B+HEAT SET,REGULAR,19708,-,42.6,213,3,SOFT,KATI,FINISH QLTY-6.20,UDN-42,,
GINZA UDHNA,GINZA,KULDEEP,,,JL-179 /N / 64,N,54'',-,B+HEAT SET,REGULAR,19709,-,38.44,372.5,3,SOFT,KATI,FINISH QLTY-11,UDN-43,,
GINZA UDHNA,GINZA,KULDEEP,,,JL-179 /N / 64,N,54'',-,B+HEAT SET,REGULAR,19709,-,38.44,372.5,3,SOFT,KATI,FINISH QLTY-11,UDN-44,,
GINZA UDHNA,INTIMATE,SUNIL,,,"A-1519B/P/65""",POLY,"58""",160,V ALMONDINE,-,19748,GRP/0470/02/26,179,680.5,5,REGULAR,ROLL PACKING,,UDN-45,,
GINZA UDHNA,RAGHUNATH,SUNIL,,,"A-2069/N/65""",NYLON,"56""",-,HEAT SET,-,19752,GRP/0474/02/26,105.2,2944,7,-,-,,UDN-46,,
GINZA UDHNA,RAGHUNATH,SUNIL,,,"A-2069/N/65""",NYLON,"56""",-,HEAT SET,-,19753,GRP/0475/02/26,110,3078,7,-,-,,UDN-47,,
GINZA UDHNA,MAXWELL,SUNIL,,,"A-1448A/P/65""",POLY,"63""",135,FLOROCENT GREEN,-,19706,GRP/0459/02/26,158.6,729.5,8,HARD FINISH,ROLL PACKING,,UDN-48,,
GINZA UDHNA,JAKMAN,SUNIL,,,"A-1187/P/65""",POLY,"56""",-,WHITE (HEAT SET),-,19710,GRP/0453/02/26,207.84,1413.5,14,AS PER LAST,ROLL PACKING,COLOR CUTTING ALREADY SEND TO URVISH BHAI,UDN-49,,
GINZA UDHNA,GINZA,KULDEEP,,,A-722E /NCT / 124,NCT,56'',-,B+HEAT SET,REGULAR,19751,-,40.16,96.5,2,SOFT,KATI,FINISH QLTY-5.20,UDN-50,,
GINZA UDHNA,GINZA,KULDEEP,,,214 /N/ 39 PATTI,N,39 PATTI,-,WHITE,REGULAR,19755,-,10.5,94.5,1,HARD,KATI,FINISH QLTY-8.40,UDN-51,,
GINZA UDHNA,GINZA,KULDEEP,,,214 /N/ 39 PATTI,N,39 PATTI,-,WHITE,REGULAR,19756,-,55.34,455,5,HARD,KATI,FINISH QLTY-8.40,UDN-52,,
GINZA UDHNA,MITTAL HOSIERY,KULDEEP,,,A-17A /N/ 62,N,56'',-,BEIGE,N-23244,19757,-,214.62,1310,13,SOFT,KATI,FINISH QLTY-6.75 / OLD LOT 5941+6193,UDN-53,,
GINZA UDHNA,shastri garments,VIRENDRA,,,L-4008A / ns / 130'',NS,60'',190,Bright rose gold,N-47535,19415,396,197,593,5,super soft,Roll,,UDN-54,,
GINZA UDHNA,GINZA,KULDEEP,,,A-589 /N/ 124,N,54'',-,B+HEAT SET,REGULAR,19750,-,196.96,715,10,SOFT,KATI,FINISH QLTY-8,UDN-56,,
GINZA UDHNA,TAPIO CREATION,KULDEEP,,,FS-237 /PS/ 64,PS,44'',-,BROWN,D-15382,19394,-,191.1,1241.5,11,SOFT,KATI,FINISH QLTY-6.60,UDN-57,,
GINZA UDHNA,RAMA HANDICRAFT,ARIK,,,RS-9364 / P / 43,P,56,175,BLACK,D-15395,19758,480,140.66,675,9,REGULAR,TAKA FORM,FINISH QULITY 4,UDN-58,,
GINZA UDHNA,vijaibhai,ARIK,,,RS-9376 / P / 65,P,65,-,BOIL HEAT SET,"NOTE :- WIDTH 65"" ,LENGTH 65""",19749,471,89.54,447.5,6,REGULAR,TAKA FORM,"FINISH QULITY 5.5 , NOTE :- CURTAIN WIDTH 65"",
CURTAIN LENGTH 65""",UDN-59,,
GINZA UDHNA,ginza udhna,VIRENDRA,,,TR-515 /PS /85'',PS,58'',95,BOIL + HEAT SET,P H MAINTAIN,19754,476,158,1111,8,soft,kanti,,UDN-60,,
GINZA UDHNA,JAKMAN,SUNIL,,,"A-1187/P/65""",POLY,"56""",-,WHITE (HEAT SET),-,19652,GRP/0451/02/26,199.94,1359,14,AS PER LAST,ROLL PACKING,COLOR CUTTING ALREADY SEND TO URVISH BHAI,UDN-61,,
GINZA UDHNA,MODERN,SUNIL,,,"A-1448/P/65""",POLY,"63""",120,FLOROCENT ORANGE,-,19654,GRP/0453/02/26,260.22,1561,15,HARD FINISH,ROLL PACKING,,UDN-62,,
GINZA UDHNA,MITTAL HOSIERY,ARIK,,,SP-075 / NS / 65,NS,56,140,BLUE,N-47404,18741,165,401.5,1808,27,REGULAR,TAKA FORM,FINISH QULITY 5,UDN-55,,
CKU,Flexfit Active Wear Pvt Ltd (Bangalore),PIYUSH(CKU),,,NEW SAMPLE-1458 (95%POLYESTER 05%SPANDEX),PS,60,270,STEEL GREY,HF-4165,19206,KCITGOT2526-02921,369.1,,13,SOFT WICKING(EXHAUST METHOD),Rolling,,CKU-1909,,
CKU,Spirit Animal (New Delhi),PIYUSH(CKU),,,SAMPLE1179,NS,70,230,BLUSH,N-47142,14327B,-,195.2,,7,SOFT FINISH,Rolling,,CKU-1910,,
CKU,Shree Balaji Industries (Tirupur),PIYUSH(CKU),,,NEW DEVELOPMENT-199(74%POLYFILA 26%SPANDEX),PS,60,270,RFD,RFD,19436,KDC-2967,401,,15,SOFT WICKING PH MAINTAIN,Rolling,,CKU-1912,,
CKU,Shree Balaji Industries (Tirupur),PIYUSH(CKU),,,NEW DEVELOPMENT-199(74%POLYFILA 26%SPANDEX),PS,60,270,PINK,CKU-23190,19122,KDC-2909,394.1,,15,SOFT WICKING PH MAINTAIN,Rolling,,CKU-1913,,
CKU,Shree Balaji Industries (Tirupur),PIYUSH(CKU),,,NEW DEVELOPMENT-199	,PS,60,270,BLUE,HF-4276,19501,KDC-2976,214.5,,8,APC-130205,Rolling,,CKU-1914,,
GINZA UDHNA,INTIMATE,SUNIL,,,"A-2103/N/65""",NYLON,"56""",-,BEIGE (ROEBUCK),N-36818,19256,GRP/0326/02/26,33.7,540,3,-,-,,UDN-63,,
GINZA UDHNA,TRYLO,SUNIL,,,"A-2057/N/65""",NYLON,"48""",-,HEAT SET,-,19846,GRP/0483/02/26,103.3,2167,9,-,ROLL PACKING,,UDN-64,,
GINZA UDHNA,MODERN,SUNIL,,,"A-1448/P/65""",POLY,"63""",120,FLOROCENT GREEN,-,19844,GRP/0481/02/26,155.72,935,9,HARD FINISH,ROLL PACKING,,UDN-65,,
GINZA UDHNA,JAKMAN,SUNIL,,,"A-1187/P/65""",POLY,"56""",-,WHITE (HEAT SET),-,19852,GRP/0489/02/26,211.9,1440,15,AS PER LAST,ROLL PACKING,COLOR CUTTING ALREADY SEND TO URVISH BHAI,UDN-66,,
GINZA UDHNA,ABSJ ,VIRENDRA,,,TR-1/ NS/ 58'',NS,58'',130,BEAUTY BERRY,LAB NO. 8862,19784 RF,127 JOB,48,233,2,soft,kanti,"FOR REDYEING, RE-LAB OK ",UDN-67,,
GINZA UDHNA,Tapio,VIRENDRA,,,TR-508 / PS / 85'',PS,58'',110,BROWN,D-15530,19419,400,233,1400,11,soft,kanti,,UDN-68,,
GINZA UDHNA,ginza udhna,VIRENDRA,,,TR-508 / PS / 85'',PS,58'',110,BOIL + HEAT SET,P H MAINTAIN,19419,400,40,240,2,soft,kanti,,UDN-69,,
GINZA UDHNA,GINZA,KULDEEP,,,JL-96 /N/ 132,N,56'',-,B+HEAT SET,REGULAR,19845,-,48,201.5,2,SOFT,KATI,FINISH QLTY-8.80,UDN-70,,
GINZA UDHNA,Lemonlords,VIRENDRA,,,L-3009 / ps / 130'',PS,58'',220,PINK,D-14501,19907,491,80,160,2,soft,kanti,URGENT,UDN-71,,
GINZA UDHNA,B.K. ENTERPRISES,ARIK,,,SP-081 / NS / 65,NS,56,152,GREEN,N-47561,19711,464,122.26,611.5,8,REGULAR,TAKA FORM,FINISH QULITY 4.6,UDN-72,,
GINZA UDHNA,B.K. ENTERPRISES,ARIK,,,SP-081 / NS / 65,NS,56,152,MAROON,N-47550,19712,465,116.22,581.5,8,REGULAR,TAKA FORM,FINISH QULITY 4.6,UDN-73,,
GINZA UDHNA,B.K. ENTERPRISES,ARIK,,,SP-081 / NS / 65,NS,56,152,PINK,N-47674,19713,466,104.82,524,7,REGULAR,TAKA FORM,FINISH QULITY 4.6,UDN-74,,
GINZA UDHNA,B.K. ENTERPRISES,ARIK,,,SP-081 / NS / 65,NS,56,152,PINK,N-47674,19847,484,12.3,61.5,1,REGULAR,TAKA FORM,FINISH QULITY 4.6,UDN-75,,
GINZA UDHNA,B.K. ENTERPRISES,ARIK,,,SP-081 / NS / 65,NS,56,152,PURPLE,N-47567,19848,485,114.48,573,8,REGULAR,TAKA FORM,FINISH QULITY 4.6,UDN-76,,
GINZA UDHNA,JAKMAN,SUNIL,,,"A-1187/P/65""",POLY,"56""",-,WHITE (HEAT SET),-,19851,GRP/0488/02/26,104.62,711,7,AS PER LAST,ROLL PACKING,COLOR CUTTING ALREADY SEND TO URVISH BHAI,UDN-77,,
GINZA UDHNA,RAM,SUNIL,,,"A-2004D/N/52""",NYLON,"48""",-,BOIL HEAT SET,-,19853,GRP/0490/02/26,135.3,2899,16,-,-,23-24 MTR QUALITY,UDN-78,,
CKU,Shree Balaji Industries (Tirupur),PIYUSH(CKU),,,NEW DEVELOPMENT-199(74%POLYFILA 26%SPANDEX),PS,60,270,BLUE,HF-4276,19335,-,402.3,,15,SOFT WICKING PH MAINTAIN,Rolling,,CKU-1911,,
CKU,Cup Couture (Chennai),PIYUSH(CKU),,,C-656A(100%POLYFILA),P,63,105,BROWN,HF-2995,8890,-,163.1,,6,SOFTWICKING(EXHAUSTMETHOD)+ANTITHERMAL(DRYNWET),Rolling,,CKU-1915,,
CKU,Makhija Brothers (Ulhasnagar),PIYUSH(CKU),,,C-917A-62,NS,60,150,DUSKY,N-42415,17067,K-02520,382.2,,15,SOFT FINISH,Rolling,,CKU-1916,,
CKU,Cup Couture (Chennai),PIYUSH(CKU),,,C-656A(100%POLYFILA),P,63,105,NEW BEET RED M-5009,M-5009,1505,-,162.8,,6,SOFTWICKING(EXHAUSTMETHOD)+ANTITHERMAL(DRYNWET),Rolling,,CKU-1918,,
CKU,ROHIT SIR,PIYUSH(CKU),,,C-213,CS,72,160,ANY COLOUR,-,19899,KDC-34,27.4,,1,FINISH AS PER CUTTING,Rolling,,CKU-1919,,
CKU,ROHIT SIR,PIYUSH(CKU),,,C-213A,CS,72,150,ANY COLOUR,-,19900,KDC-35,25.3,,1,FINISH AS PER CUTTING,Rolling,,CKU-1920,,
CKU,RVK,PIYUSH(CKU),,,NEW SAMPLE-809A,CS,65,350,WHITE,PENDING,10343,K-01409,171.7,,6,SOFT FINISH,Rolling,,CKU-151,,
CKU,Cup Couture (Chennai),PIYUSH(CKU),,,C-656A(100%POLYFILA),P,63,105,V NOSTALGIA ROSE CKU-20897,CKU-20897,7512,-,161.3,,6,SOFTWICKING(EXHAUSTMETHOD)+ANTITHERMAL(DRYNWET),Rolling,,CKU-1917,,
CKU,Cultsport Private Limited (Bangalore),PIYUSH(CKU),,,NEW DEVELOPMENT-276A(POLY FILAMENT100%),P,64,135,GEORGIA PEACH,HF-3354,19343,KDC-2955,27,,1,SOFTWICKING,Rolling,,CKU-1925,,
CKU,K D M Clothing Co (Ludhiana),PIYUSH(CKU),,,NEW DEVELOPMENT-104F,PS,60,150,JET BLACK,HF-2482,19759,KDC-01,84.6,,4,SOFT WICKING,Rolling,,CKU-1926,,
CKU,K D M Clothing Co (Ludhiana),PIYUSH(CKU),,,NEW DEVELOPMENT-104F,PS,60,150,ANEMONE,HF-3449,19760,KDC-02,85.1,,4,SOFT WICKING,Rolling,,CKU-1927,,
CKU,Ginza Industries Limited (SGU),PIYUSH(CKU),,,NEW SAMPLE-844,PS,60,330,ASH GREY,CKU-15822,19761,KDC-03,199.8,,8,SOFT FINISH,Rolling,,CKU-1928,,
CKU,Ginza Industries Limited (SGU),PIYUSH(CKU),,,NEW SAMPLE-844,PS,60,330,GRASS,CKU-15828,19762,KDC-04,197.3,,8,SOFT FINISH,Rolling,,CKU-1929,,
CKU,Ginza Industries Limited (SGU),PIYUSH(CKU),,,NEW SAMPLE-844,PS,60,330,RAISIN,CKU-22943,19763,KDC-05,200.3,,8,SOFT FINISH,Rolling,,CKU-1930,,
CKU,Ginza Industries Limited (SGU),PIYUSH(CKU),,,NEW SAMPLE-844,PS,60,330,MUSHROOM,CKU-22938,19764,KDC-06,157.48,,8,SOFT FINISH,Rolling,,CKU-1931,,
CKU,Ginza Industries Limited (SGU),PIYUSH(CKU),,,NEW SAMPLE-844,PS,60,330,PEACH SKIN,CKU-15823,19765,KDC-07,170.36,,7,SOFT FINISH,Rolling,,CKU-1932,,
CKU,Ginza Industries Limited (SGU),PIYUSH(CKU),,,NEW SAMPLE-844,PS,60,330,PEACH SKIN,CKU-15823,19766,KDC-08,81.68,,4,SOFT FINISH,Rolling,,CKU-1933,,
CKU,K D M Clothing Co (Ludhiana),PIYUSH(CKU),,,NEW DEVELOPMENT-104F,PS,60,150,MEDIVEAL BLUE,HF-1953,19767,KDC-09,80.7,,3,SOFT WICKING,Rolling,,CKU-1934,,
CKU,Cultsport Private Limited (Bangalore),PIYUSH(CKU),,,NEW DEVELOPMENT-276(POLY FILAMENT100%),P,64,135,PERSIAN JEWEL, CKU-22550,19768,KDC-10,82.9,,3,SOFTWICKING,Rolling,,CKU-1935,,
CKU,Cultsport Private Limited (Bangalore),PIYUSH(CKU),,,NEW DEVELOPMENT-276(POLY FILAMENT100%),P,64,135,SNOW WHITE,CKU-22268,19769,KDC-11,82.4,,3,SOFTWICKING,Rolling,,CKU-1936,,
CKU,Karnika Garments (Delhi) Cku,PIYUSH(CKU),,,NEW DEVELOPMENT-185(96%POLYFILA 4%SPANDEX),PS,60,270,OFF GREY,GR,19770,KDC-12,352.5,,12,SOFT FINISH,Rolling,,CKU-1937,,
CKU,Karnika Garments (Delhi) Cku,PIYUSH(CKU),,,NEW DEVELOPMENT-185(96%POLYFILA 4%SPANDEX),PS,60,270,OFF GREY,GR,19771,KDC-13,353.7,,12,SOFT FINISH,Rolling,,CKU-1938,,
CKU,Ginza Industries Limited (SGU),PIYUSH(CKU),,,C-917A-72,NS,60,160,NUDE,N-47507,19772,KDC-14,391.3,,13,SOFT FINISH,Rolling,,CKU-1939,,
CKU,Cup Couture (Chennai),PIYUSH(CKU),,,C-656A(100%POLYFILA),P,63,105,V POMEGRANATE M-9127,M-9127,19831,KDC-15,322.6,,13,SOFTWICKING(EXHAUSTMETHOD)+ANTITHERMAL(DRYNWET),Rolling,,CKU-1940,,
CKU,Cup Couture (Chennai),PIYUSH(CKU),,,C-656A(100%POLYFILA),P,63,105,NEW CLASSIC NAVY M-5010,M-5010,19832,KDC-16,174.4,,7,SOFTWICKING(EXHAUSTMETHOD)+ANTITHERMAL(DRYNWET),Rolling,,CKU-1941,,
CKU,Cup Couture (Chennai),PIYUSH(CKU),,,C-656A(100%POLYFILA),P,63,105,V LILAS CKU-20704,CKU-20704,19833,KDC-17,323.7,,13,SOFTWICKING(EXHAUSTMETHOD)+ANTITHERMAL(DRYNWET),Rolling,,CKU-1942,,
CKU,Cup Couture (Chennai),PIYUSH(CKU),,,C-656A(100%POLYFILA),P,63,105,V FOLKSTONE GREY HF-2912,HF-2912,19834,KDC-18,369.41,,13,SOFTWICKING(EXHAUSTMETHOD)+ANTITHERMAL(DRYNWET),Rolling,,CKU-1943,,
CKU,Reliance Retail Limited (Richmond Road - Bangalore),PIYUSH(CKU),,,C-655 MILANGE ,P,60,150,RFD,RFD,19835,KDC-19,183.8,,8,"SOFT WICKING,SOFT HAND FEEL",Rolling,,CKU-1944,,
CKU,B.K ENTERPRISES,PIYUSH(CKU),,,NEW SAMPLE-1450A,CS,72,160,DARK ASH ,CL-39971,19836,KDC-20,215.8,,8,EXTRA SOFT FINISH,Rolling,,CKU-1945,,
CKU,B.K ENTERPRISES,PIYUSH(CKU),,,NEW SAMPLE-1450A,CS,72,160,DARK ASH ,CL-39971,19837,KDC-21,430.7,,16,EXTRA SOFT FINISH,Rolling,,CKU-1946,,
CKU,B.K ENTERPRISES,PIYUSH(CKU),,,NEW SAMPLE-1450A,CS,72,160,NUDE ,CL-33412,19842,KDC-26,228.5,,9,EXTRA SOFT FINISH,Rolling,,CKU-1947,,
CKU,Ampio Industries Llp (Bhiwandi),PIYUSH(CKU),,,NEW SAMPLE-683A,P,65,125,AMPIO WHITE RM-4458, RM-4458,19892,KDC-27,328.15,,13,SOFT WICKING (EXHAUST METHOD)+ANTITHERMAL (DRY N WET),Rolling,,CKU-1948,,
CKU,Ampio Industries Llp (Bhiwandi),PIYUSH(CKU),,,NEW SAMPLE-683A,P,65,125,AMPIO WHITE RM-4458, RM-4458,19893,KDC-28,328.25,,13,SOFT WICKING (EXHAUST METHOD)+ANTITHERMAL (DRY N WET),Rolling,,CKU-1949,,
CKU,Ampio Industries Llp (Bhiwandi),PIYUSH(CKU),,,NEW SAMPLE-683A,P,65,125,AMPIO WHITE RM-4458, RM-4458,19894,KDC-29,324.65,,13,SOFT WICKING (EXHAUST METHOD)+ANTITHERMAL (DRY N WET),Rolling,,CKU-1950,,
CKU,Laj Lifestyle Pvt Ltd (Noida),PIYUSH(CKU),,,C-655-61,P,60,150,RFD,RFD,19896,KDC-31,348.3,,12,SOFT WICKING+PH MAINTAIN,Rolling,,CKU-1951,,
CKU,Maxmillors (Nagpur),PIYUSH(CKU),,,NEW SAMPLE-489AF(92%POLYFILAMENT 08%SPANDEX),PS,60,210,NAVY BLUE , CKU-19569,19897,KDC-32,392,,15,SOFT WEECKING WITH SOFT FINISH,Rolling,,CKU-1952,,
CKU,Encot Fabrics Pvt Ltd (Boisar),PIYUSH(CKU),,,NEW SAMPLE-489AF(92%POLYFILAMENT 08%SPANDEX),PS,60,210,RFD,RFD,19898,KDC-33,392.5,,15,HANDFEELSHOULDBEASPERCUTTINGAPC-290403LYINGWITHAJAYMASTER,Rolling,,CKU-1953,,
CKU,Flexfit Active Wear Pvt Ltd (Bangalore),PIYUSH(CKU),,,NEW SAMPLE-1458 (95%POLYESTER 05%SPANDEX),PS,60,270,STEEL GREY,HF-4165,19901,KDC-36,360.15,,14,SOFT WICKING(EXHAUST METHOD),Rolling,,CKU-1954,,
CKU,Flexfit Active Wear Pvt Ltd (Bangalore),PIYUSH(CKU),,,NEW SAMPLE-1458 (95%POLYESTER 05%SPANDEX),PS,60,270,STEEL GREY,HF-4165,19902,KDC-37,370.5,,14,SOFT WICKING(EXHAUST METHOD),Rolling,,CKU-1955,,
CKU,Cup Couture (Chennai),PIYUSH(CKU),,,C-656A(100%POLYFILA),P,63,105,W SKIN M-5031,M-5031,19943,KDC-38,172.9,,7,SOFTWICKING(EXHAUSTMETHOD)+ANTITHERMAL(DRYNWET),Rolling,,CKU-1956,,
CKU,Cup Couture (Chennai),PIYUSH(CKU),,,C-656A(100%POLYFILA),P,63,105,W SKIN M-5031,M-5031,19944,KDC-39,175.7,,7,SOFTWICKING(EXHAUSTMETHOD)+ANTITHERMAL(DRYNWET),Rolling,,CKU-1957,,
CKU,Arnit Creations Pvt Ltd (Noida),PIYUSH(CKU),,,NEW SAMPLE-468-78,PS,65,200,PREFORMANCE BLACK,RFD,19945,KDC-40,175.3,,6,SOFT FINISH,Rolling,,CKU-1958,,
CKU,Cultsport Private Limited (Bangalore),PIYUSH(CKU),,,655 BLACK,P,60,150,RFD,RFD,19946,KDC-41,412.54,,15,SOFT WICKING,Rolling,,CKU-1959,,
CKU,Cultsport Private Limited (Bangalore),PIYUSH(CKU),,,655 BLACK,P,60,150,RFD,RFD,19947,KDC-42,382.9,,14,SOFT WICKING,Rolling,,CKU-1960,,
CKU,SAMPLE/PIYUSH SIR,PIYUSH(CKU),,,ND-264,NS,60,170,ANY COLOUR,-,19948,KDC-43,173,,7,SOFT FINISH,Rolling,CONFIRM WITH RITESH JI/KETAN MASTER,CKU-1961,,
CKU,B.K ENTERPRISES,PIYUSH(CKU),,,NEW SAMPLE-1450A,CS,72,160,MAROON RED,CL-41061,19949,KDC-44,219.5,,8,EXTRA SOFT FINISH,Rolling,,CKU-1962,,
CKU,B.K ENTERPRISES,PIYUSH(CKU),,,NEW SAMPLE-1450A,CS,72,160,MAROON SINKER,CL-41079,19950,KDC-45,212.2,,7,EXTRA SOFT FINISH,Rolling,,CKU-1963,,
CKU,Ginza Industries Limited (SGU),PIYUSH(CKU),,,C-917A,NS,60,160,BLACK,N-47486,19952,KDC-47,361.5,,12,SOFT FINISH,Rolling,,CKU-1964,,
CKU,SAMPLE/PIYUSH SIR,PIYUSH(CKU),,,ND-287,NS,60,210,ANY COLOUR,-,19953,KDC-48,30.5,,1,SOFT FINISH,Rolling,KETAN MASTER/CONFIRM WITH [PIYUSH SIR,CKU-1965,,
CKU,PIYUSH SIR/STOCK,PIYUSH(CKU),,,C-735B BLACK,PS,60,250,RFD,RFD,19954,KDC-49,351.9,,12,SOFT WICKING,Rolling,,CKU-1966,,
CKU,Rama Handicrafts (Jaipur),PIYUSH(CKU),,,NEW SAMPLE-709,P,62,160,RFD,RFD,19955,KDC-50,399.7,,16,SOFT WICKING+PH MAINTAIN,Rolling,,CKU-1967,,
CKU,Rama Handicrafts (Jaipur),PIYUSH(CKU),,,NEW SAMPLE-709,P,62,160,RFD,RFD,19956,KDC-51,363.1,,15,SOFT WICKING+PH MAINTAIN,Rolling,,CKU-1968,,
CKU,Cup Couture (Chennai),PIYUSH(CKU),,,C-672,P,64,120,BRIGHTWHITE,M-1872,19957,KDC-52,73,,3,SOFTWICKING(EXHAUSTMETHOD)+ANTITHERMAL(DRYNWET),Rolling,,CKU-1969,,
CKU,Makhija Brothers (Ulhasnagar),PIYUSH(CKU),,,C-917A-72,NS,60,150,DUSKY,N-42415,18058,K-02763,210.1,,7,SOFT FINISH,Rolling,,CKU-1970,,
GINZA UDHNA,TAPIO CREATION,KULDEEP,,,A-71 /N/ 65,N,56'',-,B+HEAT SET,-,19099,-,60.64,907,7,SOFT,KATI,FINISH QLTY-15 MTR / need phenolic FINISH,UDN-79,,
GINZA UDHNA,ginza udhna,VIRENDRA,,,L-74 / ns / 130'',NS,58'',200,white,regular,20077,62,414,1035,11,soft,kanti,,UDN-80,,
GINZA UDHNA,ginza udhna,VIRENDRA,,,L-75 / ns / 130'',ns,58'',165,white,regular,20054,39,400,1121,11,soft,kanti,,UDN-81,,
GINZA UDHNA,ginza udhna,VIRENDRA,,,L-75 / ns / 130'',ns,58'',165,white,regular,20056,41,357,1001,9,soft,kanti,,UDN-82,,
GINZA UDHNA,ginza udhna,VIRENDRA,,,L-75 / ns / 130'',ns,58'',165,white,regular,20055,40,355,996,9,soft,kanti,,UDN-83,,
GINZA UDHNA,REGULAR,SUNIL,,,"JURSEY-2/N/93""",NYLON,"56""",-,WHITE,-,19169,GRP/0316/02/26,361.3,2023.5,19,-,-,,UDN-84,,
GINZA UDHNA,JAKMAN,SUNIL,,,"A-1187/P/65""",POLY,"56""",-,WHITE (HEAT SET),-,20047,GRP/0032/03/26,205.46,1396.5,14,AS PER LAST,ROLL PACKING,COLOR CUTTING ALREADY SEND TO URVISH BHAI,UDN-85,,
GINZA UDHNA,REGULAR,SUNIL,,,"JURSEY-2/N/93""",NYLON,"56""",-,WHITE,-,16741,GRP/0127/01/26,370.6,2076.5,18,-,-,,UDN-86,,
GINZA UDHNA,REGULAR,SUNIL,,,"JURSEY-2/N/93""",NYLON,"56""",-,WHITE,-,16817,GRP/0155/01/26,349.7,1959,17,-,-,,UDN-87,,
GINZA UDHNA,TAPIO,SUNIL,,,"A-1105/P/65""",POLY,"56""",-,BLACK - APC,-,19087,GRP/0283/02/26,91.92,1331.5,9,-,-,COLOR CUTTING SEND TO URVISH BHAI,UDN-88,,
GINZA UDHNA,REGULAR,SUNIL,,,"JURSEY-2/N/93""",NYLON,"56""",-,WHITE,-,19170,GRP/0317/02/26,356.9,1999.5,17,-,-,,UDN-89,,
GINZA UDHNA,PRAMOD,SUNIL,,,"A-1129A/P/65""",POLY,"56""",-,SILVER GREY,-,20016,GRP/0001/03/26,151.18,1663,12,REGULAR,100 MTR ROLL PACKING,,UDN-90,,
GINZA UDHNA,SBI,SUNIL,,,"A-1105/P/65""",POLY,"56""",-,BLACK,D-15460,20017,GRP/0002/03/26,293.1,4250,22,REGULAR,-,EXPORT PROGRAMME,UDN-91,,
GINZA UDHNA,SBI,SUNIL,,,"A-1105/P/65""",POLY,"56""",-,BURGANDY,D-15206,20018,GRP/0003/03/26,227.04,3293,17,REGULAR,-,EXPORT PROGRAMME,UDN-92,,
GINZA UDHNA,TORAM,SUNIL,,,"A-1511/P/65""",POLY,"56""",-,BLACK,HF-2730,20036,GRP/0021/03/26,178.96,1075,9,AS PER LAST,ROLL PACKING,,UDN-93,,
GINZA UDHNA,TORAM,SUNIL,,,"A-1511/P/65""",POLY,"56""",-,NAVY,HF-2722,20037,GRP/0022/03/26,348.6,2092.5,19,AS PER LAST,ROLL PACKING,,UDN-94,,
GINZA UDHNA,COTTON,SUNIL,,,"A-2057/N/65""",NYLON,"48""",-,DAWN PINK,N-35477,20038,GRP/0023/03/26,150.1,3149,13,AS PER LAST,ROLL PACKING,,UDN-95,,
GINZA UDHNA,COTTON,SUNIL,,,"A-2057/N/65""",NYLON,"48""",-,DAWN PINK,N-35477,20039,GRP/0024/03/26,161.8,3397,14,AS PER LAST,ROLL PACKING,,UDN-96,,
GINZA UDHNA,COTTON,SUNIL,,,"A-2057/N/65""",NYLON,"48""",-,SEPHIA ROSE,N-35482,20040,GRP/0025/03/26,50.2,1052.5,5,AS PER LAST,ROLL PACKING,,UDN-97,,
GINZA UDHNA,COTTON,SUNIL,,,"A-2057/N/65""",NYLON,"48""",-,SEPHIA ROSE,N-35482,20041,GRP/0026/03/26,124.4,2609,11,AS PER LAST,ROLL PACKING,,UDN-98,,
GINZA UDHNA,REGULAR,SUNIL,,,"A-2069/N/65""",NYLON,"56""",-,HEAT SET,-,20042,GRP/0027/03/26,107.04,2995.5,7,REGULAR,-,,UDN-99,,
GINZA UDHNA,JAKMAN,SUNIL,,,"A-1187/P/65""",POLY,"56""",-,WHITE (HEAT SET),-,20046,GRP/0031/03/26,193.94,1319,14,AS PER LAST,ROLL PACKING,COLOR CUTTING ALREADY SEND TO URVISH BHAI,UDN-100,,
GINZA UDHNA,SHREE ANJ,SUNIL,,,"A-2004D/N/52""",NYLON,"48""",-,HEAT SET,-,20080,GRP/0065/03/26,142.94,3074,16,REGULAR,-,23-24 MTR QUALITY,UDN-101,,
GINZA UDHNA,ABSJ ,VIRENDRA,,,TR-1 / NS /85'',NS,58'',130,iron gate -2,N-47533,17880,426,26,130,1,soft,kanti,most urgent,UDN-102,,
GINZA UDHNA,OMTEX SPORTS,VIRENDRA,,,L-88 / PS /130'',PS,58'',200,BLACK,Regular,20052,337,341,850,9,soft,Roll,,UDN-103,,
GINZA UDHNA,ginza udhna,VIRENDRA,,,TR-534 / PS / 85'',PS,58'',95,BLACK,old lot 19259,20044,29,169,1221,4,soft,kanti,china goods,UDN-104,,
GINZA UDHNA,GINZA S.G.U,ARIK,,,SP-019 / NS / 65,NS,58,125,PINK,N-47238,20110,82,163.5,736.5,11,REGULAR,TAKA FORM,FINISH QULITY 5.5,UDN-105,,
CKU,CUP COUTURE,PIYUSH(CKU),,,C-672-76,P,64,120,DARK SKIN ,HF-3375,17952,K-02724,168.7,,7,SOFTWICKING(EXHAUSTMETHOD)+ANTITHERMAL(DRYNWET),Rolling,,CKU-1971,,
CKU,CUP COUTURE,PIYUSH(CKU),,,C-672-76,P,64,120,FIERY RED,HF-4172,17951,K-02723,171.2,,7,SOFTWICKING(EXHAUSTMETHOD)+ANTITHERMAL(DRYNWET),Rolling,,CKU-1972,,
CKU,CUP COUTURE,PIYUSH(CKU),,,C-672-76,P,64,120,WINE,HF-3357,18047,K-02752,171.1,,7,SOFTWICKING(EXHAUSTMETHOD)+ANTITHERMAL(DRYNWET),Rolling,,CKU-1973,,
GINZA UDHNA,MAA CREATION,VIRENDRA,,,TR-1 / NS/ 85'',NS,58'',130,BLACK,Regular,20116,88,174,872,7,soft,kanti,,UDN-106,,
GINZA UDHNA,INTIMATE,VIRENDRA,,,Tr-1 / ns /85'',NS,58'',130,Navy Peony,N-27378 match std,20117,89,50,254,2,jockey finish,Roll,,UDN-107,,
GINZA UDHNA,ACC Clothing ,VIRENDRA,,,L-4083/NPS /108'',NPS,64'',180,CHIVE,N-42109 old lot 12792,20113,85,359,1079,9,soft,Roll,,UDN-108,,
GINZA UDHNA,ACC Clothing ,VIRENDRA,,,L-4083/NPS /108'',NPS,64'',180,Slate Brown,N-42105 old lot 12911,20112,84,356,1068,9,soft,Roll,,UDN-109,,
GINZA UDHNA,INTIMATE,VIRENDRA,,,Tr-1 / ns /85'',NS,58'',130,Roebuck,N-26876 match std,20119,91,75,379,3,jockey finish,Roll,,UDN-110,,
GINZA UDHNA,ACC Clothing ,VIRENDRA,,,L-4083/NPS /108'',NPS,64'',180,BLACK,N-42024 old lot 13069,20111,83,92,278,2,soft,Roll,,UDN-111,,
GINZA UDHNA,GINZA,KULDEEP,,,A-536 /N/ 66,N,56'',-,WHITE,REGULAR,20095,-,147.9,1110,10,SOFT,KATI,FINISH QLTY-8.25,UDN-112,,
GINZA UDHNA,GINZA,KULDEEP,,,A-536 /N/ 66,N,56'',-,WHITE,REGULAR,20096,-,246.42,1822.5,16,SOFT,KATI,FINISH QLTY-8.25,UDN-113,,
GINZA UDHNA,KULSWAMINI,KULDEEP,,,S-212 /NS/ 67 PATTI,NS,67 PATTI,-,WHITE,AS PER LAST,20097,-,98,363,6,SOFT,KATI,FINISH QLTY-4.50 / OLD LOT 15126 ),UDN-114,,
GINZA UDHNA,GINZA,KULDEEP,,,JLS-172 /NS/ 66,NS,56'',-,WHITE,REGULAR,20098,-,202.84,650,11,SOFT,KATI,FINISH QLTY-5,UDN-115,,
GINZA UDHNA,GINZA,KULDEEP,,,A-536 /N/ 66,N,56'',-,WHITE,REGULAR,20120,-,13.96,101.5,2,SOFT,KATI,FINISH QLTY-8.25,UDN-116,,
GINZA UDHNA,GINZA,KULDEEP,,,JLS-172 /NS/ 66,NS,56'',-,WHITE,REGULAR,20098,-,202.84,650,11,SOFT,KATI,FINISH QLTY-5,UDN-117,,
GINZA UDHNA,GINZA,KULDEEP,,,A-536 /N/ 66,N,56'',-,WHITE,REGULAR,20120,-,13.96,101.5,2,SOFT,KATI,FINISH QLTY-8.25,UDN-118,,
GINZA UDHNA,MAXWELL,SUNIL,,,"A-1448C/P/65""",POLY,"63""",150-155,FLOROCENT GREEN,-,20079,GRP/0064/03/26,240.98,1060,10,HARD FINISH,ROLL PACKING,WATER REPALANT AS PER RAJESH MASTER JI,UDN-119,,
GINZA UDHNA,JAKMAN,SUNIL,,,"A-1187/P/65""",POLY,"56""",-,WHITE (HEAT SET),-,20204,GRP/0105/03/26,198.88,1351.5,14,AS PER LAST,ROLL PACKING,COLOR CUTTING ALREADY SEND TO URVISH BHAI,UDN-120,,
GINZA UDHNA,NAIDU HALL,SUNIL,,,"A-2001/N/65""",NYLON,"56""",-,GREYISH PURPLE,N-47716,17744,GRP/0380/01/26,18.6,326,2,REGULAR,ROLL PACKING,,UDN-121,,
GINZA UDHNA,JAKMAN,SUNIL,,,"A-1187/P/65""",POLY,"56""",-,WHITE (HEAT SET),-,20107,GRP/0079/03/26,205.68,1398.5,15,AS PER LAST,ROLL PACKING,COLOR CUTTING ALREADY SEND TO URVISH BHAI,UDN-122,,
GINZA UDHNA,JAKMAN,SUNIL,,,"A-1187/P/65""",POLY,"56""",-,WHITE (HEAT SET),-,20108,GRP/0080/03/26,207.9,1413.5,14,AS PER LAST,ROLL PACKING,COLOR CUTTING ALREADY SEND TO URVISH BHAI,UDN-123,,
GINZA UDHNA,SHREE ANJ,SUNIL,,,"A-2004D/N/52""",NYLON,"48""",-,HEAT SET,-,20109,GRP/0081/03/26,142.8,3069.5,16,REGULAR,-,23-24 MTR QUALITY,UDN-124,,
GINZA UDHNA,MITTAL,SUNIL,,,"A-2162A/N/65""",NYLON,"56""",-,WHITE,-,20193,GRP/0094/03/26,244,3048.5,14,REGULAR,-,,UDN-125,,
GINZA UDHNA,AADHAR SAFTY,SUNIL,,,"A-1448/P/65""",POLY,"63""",120,FLOROCENT GREEN,-,20194,GRP/0095/03/26,389.86,2339,22,HARD FINISH,ROLL PACKING,,UDN-126,,
GINZA UDHNA,AADHAR SAFTY,SUNIL,,,"A-1426/P/56""",POLY,"63""",120,FLOROCENT GREEN,-,20195,GRP/0096/03/26,461.18,22216,29,HARD FINISH,ROLL PACKING,,UDN-127,,
GINZA UDHNA,JAKMAN,SUNIL,,,"A-1187/P/65""",POLY,"56""",-,WHITE (HEAT SET),-,20196,GRP/0097/03/26,204.04,1386.5,14,AS PER LAST,ROLL PACKING,COLOR CUTTING ALREADY SEND TO URVISH BHAI,UDN-128,,
GINZA UDHNA,JAKMAN,SUNIL,,,"A-1187/P/65""",POLY,"56""",-,WHITE (HEAT SET),-,20204,GRP/0105/03/26,198.88,1351.5,14,AS PER LAST,ROLL PACKING,COLOR CUTTING ALREADY SEND TO URVISH BHAI,UDN-129,,
GINZA UDHNA,SHREE ANJ,SUNIL,,,"A-2004D/N/52""",NYLON,"48""",-,HEAT SET,-,20205,GRP/0106/03/26,140.92,3030,16,REGULAR,-,23-24 MTR QUALITY,UDN-130,,
GINZA UDHNA,SHREE ANJ,SUNIL,,,"A-2004D/N/52""",NYLON,"48""",-,HEAT SET,-,20206,GRP/0107/03/26,52.56,1129.5,4,REGULAR,-,23-24 MTR QUALITY,UDN-131,,
GINZA UDHNA,B.K. ENTERPRISES,ARIK,,,SP-051 / NS / 65,NS,56,185,WHITE,-,19908,492,23.5,94,1,REGULAR,TAKA FORM,FINISH QULITY 3.8,UDN-132,,
GINZA UDHNA,B.K. ENTERPRISES,ARIK,,,SP-051 / NS / 65,NS,56,185,WHITE,-,19909,493,57,227,4,REGULAR,TAKA FORM,FINISH QULITY 3.8,UDN-133,,
GINZA UDHNA,B.K. ENTERPRISES,ARIK,,,SP-051 / NS / 65,NS,56,185,WHITE,-,19910,494,221.44,885,10,REGULAR,TAKA FORM,FINISH QULITY 3.8,UDN-134,,
GINZA UDHNA,GINZA UDHNA,ARIK,,,L-126B / NS / 65,NS,44,162,WHITE,-,20102,74,107.24,621.5,8,REGULAR,TAKA FORM,FINISH QULITY 5.5,UDN-135,,
GINZA UDHNA,GINZA UDHNA,ARIK,,,L-101B / NS / 65,NS,44,162,WHITE,-,20103,75,159.64,958.5,11,REGULAR,TAKA FORM,FINISH QULITY 5.5,UDN-136,,
GINZA UDHNA,INTIMATE,VIRENDRA,,,Tr-1 / ns /85'',NS,58'',130,Jet Black,N-28941 match std,20118,90,50,254,2,jockey finish,Roll,,UDN-137,,
GINZA UDHNA,ACC Clothing ,VIRENDRA,,,L-4083/NPS /108'',NPS,64'',180,NAVY ,N-42285 old lot 12977,20114,86,362,1089,9,soft,Roll,,UDN-138,,
GINZA UDHNA,ACC Clothing ,VIRENDRA,,,L-4083/NPS /108'',NPS,64'',180,BLACK,N-42024 old lot 13069,20115,87,269,810,7,soft,Roll,,UDN-139,,
GINZA UDHNA,ginza udhna,VIRENDRA,,,L-75 / ns / 130'',ns,58'',165,white,regular,20057,42,354,994,9,soft,kanti,,UDN-140,,
GINZA UDHNA,ginza udhna,VIRENDRA,,,L-4014 / ns / 130'',NS,58'',155,white,regular,20058,43,362,1268,9,soft,kanti,,UDN-141,,
GINZA UDHNA,ginza udhna,VIRENDRA,,,L-4014 / ns / 130'',NS,58'',155,white,regular,20059,44,361,1264,9,soft,kanti,,UDN-142,,
GINZA UDHNA,poomer fashion,VIRENDRA,,,L-4008A / ns / 130'',NS,60'',185-195,straw berry,old lot 9955 match to std,20064,49,118,354,3,super soft,Roll,most urgent re-programme,UDN-143,,
GINZA UDHNA,Jockey,VIRENDRA,,,TR-1 / NS /85'',NS,57'',130,v crush & blush,N-41559 proper matching,20075,60,99,494,4,jockey ,Roll,,UDN-144,,
GINZA UDHNA,Jockey,VIRENDRA,,,TR-1 / NS /85'',NS,57'',130,V Liliac Grey,MATCH TO STD,20061,46,99,496,4,jockey ,Roll,,UDN-145,,
GINZA UDHNA,Jockey,VIRENDRA,,,TR-1 / NS /85'',NS,57'',130,v Heather Rose,MATCH TO STD,20062,47,98,493,4,jockey ,Roll,,UDN-146,,
GINZA UDHNA,Jockey,VIRENDRA,,,TR-1 / NS /85'',NS,57'',130,v deep Taupe ,MATCH TO STD,20063,48,101,507,4,jockey ,Roll,,UDN-147,,
GINZA UDHNA,Jockey,VIRENDRA,,,TR-1 / NS /85'',NS,57'',130,V j coffee,MATCH TO STD,20071,56,99,497,4,jockey ,Roll,,UDN-148,,
GINZA UDHNA,Jockey,VIRENDRA,,,TR-1 / NS /85'',NS,57'',130,v gray Ridge,MATCH TO STD,20070,55,99,497,4,jockey ,Roll,,UDN-149,,
GINZA UDHNA,Jockey,VIRENDRA,,,TR-1 / NS /85'',NS,57'',130,v new steel grey milange,MATCH TO STD,20072,57,99,495,4,jockey ,Roll,,UDN-150,,
GINZA UDHNA,ginza udhna,VIRENDRA,,,L-74 / ns / 130'',NS,60'',200,Light Gold,old lot 18351,20076,61,402,1005,10,soft,Roll,,UDN-151,,
GINZA UDHNA,ginza udhna,VIRENDRA,,,L-74 / ns / 130'',NS,60'',200,GOLD,old lot 18344,20068,53,200,500,5,soft,Roll,urgent,UDN-152,,
GINZA UDHNA,ginza udhna,VIRENDRA,,,L-74 / ns / 130'',NS,60'',200,GOLD,old lot 18344,20073,58,202,506,5,soft,Roll,,UDN-153,,
GINZA UDHNA,ginza udhna,VIRENDRA,,,L-74 / ns / 130'',NS,60'',200,silver,old lot 18356,20049,34,411,1027,10,soft,Roll,,UDN-154,,
GINZA UDHNA,ginza udhna,VIRENDRA,,,L-74 / ns / 130'',NS,60'',200,silver,old lot 18356,20050,35,407,1019,10,soft,Roll,,UDN-155,,
GINZA UDHNA,ginza udhna,VIRENDRA,,,L-4008 / NS /130'',NS,58'',180,WHITE,regular,20051,36,228,685,6,soft,kanti,,UDN-156,,
GINZA UDHNA,ginza udhna,VIRENDRA,,,L-4008 / NS /130'',NS,58'',180,WHITE,regular,19600,437,94,281,3,soft,kanti,,UDN-157,,
GINZA UDHNA,ginza udhna,VIRENDRA,,,L-74 / ns / 130'',NS,58'',200,white,regular,18359,19,39,99,1,soft,kanti,,UDN-158,,
GINZA UDHNA,GINZA,KULDEEP,,,A-536 /N/ 66,N,56'',-,WHITE,REGULAR,20094,-,31.4,235,2,SOFT,KATI,FINISH QLTY-8.25,UDN-159,,
GINZA UDHNA,GINZA,KULDEEP,,,S-617 /NS/ 68,NS,56'',-,WHITE,REGULAR,20106,-,130.72,561.5,7,SOFT,KATI,FINISH QLTY-5.25,UDN-160,,
GINZA UDHNA,TAPIO CREATION,KULDEEP,,,A-71 /N/ 65,N,56'',-,B+HEAT SET,-,19101,-,13.6,204,1,SOFT,KATI,FINISH QLTY-15 MTR / need phenolic FINISH,UDN-161,,
GINZA UDHNA,GINZA S.G.U,ARIK,,,SP-019 / NS / 65,NS,58,125,NAVY,N-47234,20197,98,163.82,737,11,REGULAR,TAKA FORM,FINISH QULITY 5.5 URGANT,UDN-162,,
GINZA UDHNA,GINZA,KULDEEP,,,S-617 /NS/ 68,NS,56'',-,WHITE,REGULAR,20192,-,189.88,815.5,10,SOFT,KATI,FINISH QLTY-5.25,UDN-163,,
GINZA UDHNA,K.P. TEXTILE,KULDEEP,,,JL-155 /N/ 66,N,54'',-,B+HEAT SET,REGULAR,20203,-,58.6,609.5,5,SOFT,KATI,FINISH QLTY-11.50,UDN-164,,
GINZA UDHNA,MITTAL HOSIERY,KULDEEP,,,A-17A /N/ 62,N,56'',-,LIGHT GREEN,N-47415,20202,-,238.3,1453.5,14,SOFT,KATI,FINISH QLTY-6.75 ,UDN-165,,
GINZA UDHNA,K.P. TEXTILE,KULDEEP,,,JL-155 /N/ 66,N,54'',-,B+HEAT SET,REGULAR,20203,-,58.6,609.5,5,SOFT,KATI,FINISH QLTY-11.50,UDN-166,,
GINZA UDHNA,ACCOARD FABRIC ,KULDEEP,,,JLS-180A /NS/ 64,NS,56'',-,ORANGE,N-46011,20209,-,179.34,1074.5,14,SOFT,KATI,FINISH QLTY-6.80 / OLD LOT 17185,UDN-167,,
GINZA UDHNA,ginza udhna,VIRENDRA,,,L-75B / NS /130'',NS,58'',170,WHITE,Regular,20198,99,78,219,2,soft,kanti,,UDN-168,,
GINZA UDHNA,TAPIO,VIRENDRA,,,TR-508 / PS / 85'',PS,58'',110,OLIVE,D-15532,20207,108,231,1391,11,soft,kanti,,UDN-169,,
GINZA UDHNA,ginza udhna,VIRENDRA,,,L-04 / NS / 85'',NS,58'',160,WHITE,Regular,20199,100,114,410,3,soft,kanti,,UDN-170,,
GINZA UDHNA,ginza udhna,VIRENDRA,,,L-04 / NS / 85'',NS,58'',160,WHITE,Regular,20200,101,130,471,4,soft,kanti,,UDN-171,,
GINZA UDHNA,ginza udhna,VIRENDRA,,,L-4051H350C/ NS /130'',NS,58'',190,WHITE,Regular,20201,102,122,303,3,soft,kanti,,UDN-172,,
GINZA UDHNA,ginza udhna,VIRENDRA,,,TR-1 / NS / 85'',NS,58'',130,WHITE,Regular,20208,109,180,901,7,soft,kanti,,UDN-173,,
GINZA UDHNA,ginza udhna,VIRENDRA,,,L-83 / NS /130'',NS,58'',200,BLACK,Regular,19543,419,190,475,5,soft,kanti,,UDN-174,,
CKU,Reliance Retail Limited (Richmond Road - Bangalore),PIYUSH(CKU),,,NEW SAMPLE-1228B,PS,60,100,SAND SHEEL,CKU-22594,19895,KDC-30,351.8,,15,SOFT WICKING,Rolling,,CKU-1974,,
CKU,RELIANCE,PIYUSH(CKU),,,C-768A-62,PS,60,220,PINK,CKU-20863,20190,KDC-17,405,,16,SOFT FINISH,Rolling,,CKU-1975,,
CKU,RELIANCE,PIYUSH(CKU),,,C-768A-62,PS,60,220,BLACK,CKU-15805,20191,KDC-18,407,,16,SOFT FINISH,Rolling,,CKU-1976,,
CKU,SGU,PIYUSH(CKU),,,C-920F(82%NYLON 18%SPANDEX),NS,60,200,FUDGE,N-47693,20010,KDC-06,197.2,,8,SOFT FINISH,Rolling,,CKU-1977,,
CKU,PIYUSH SIR,PIYUSH(CKU),,,C-735,PS,56,220,ANY COLOR,-,20007,KDC-03,22.7,,1,SOFT WICKING,Rolling,,CKU-1978,,
CKU,K G SPORTS,PIYUSH(CKU),,,NEW SAMPLE-1175A,PS,60,260,BLACK,-,20212RF,JIS-28,170.51,,7,SILICON FINISH,Rolling,FOR RF SOFT FINISH,CKU-1979,,
GINZA UDHNA,SGU,,,,S-620,NS,56,110,COKE,,17644,,51,259,3,SOFT FINISH KATI,kanti,,ORD-22082,,
GINZA UDHNA,ginza udhna,VIRENDRA,,,L-92B / NS /130'',NS,58'',320,WHITE,Regular,20242,112,100,191,3,soft,kanti,,UDN-175,,
GINZA UDHNA,B. K. ENT,VIRENDRA,,,TR-45A /NS / 85'',NS,56'',200,BOIL + HEAT SET,Regular,20243,113,348,1184,10,soft,kanti,,UDN-176,,
GINZA UDHNA,ginza udhna,VIRENDRA,,,L-83 / NS /130'',NS,58'',498,WHITE,Regular,20257,127,199,498,5,soft,kanti,,UDN-177,,
GINZA UDHNA,GOPAL,VIRENDRA,,,TR-515 / PS /85'',PS,58'',95,BLACK APC,D-15246,20258,128,168,1178,8,soft,kanti,URGENT,UDN-178,,
GINZA UDHNA,PROTECH,VIRENDRA,,,L-3032 / PS / 130'',PS,58'',250,PINK,D-7655 old lot 12448,20066,51,195,449,5,soft,Roll,,UDN-179,,
GINZA UDHNA,PROTECH,VIRENDRA,,,L-3032 / PS / 130'',ps,58'',250,white,Regular,20065,50,190,439,5,soft,Roll,,UDN-180,,
GINZA UDHNA,TAPIO CREATION,KULDEEP,,,JLS-224A /NS/ 66,NS,54,-,GRENOBLE GREEN,N-46597,20251,-,52.7,195,3,SOFT,KATI,FINIS QLTY-5.20 / OLD LT 19557,UDN-181,,
GINZA UDHNA,TAPIO CREATION,KULDEEP,,,JLS-224A /NS/ 66,NS,54'',-,GRENOBLE GREEN,N-46597,20101,-,33,122.5,2,SOFT,KATI,FINISH QLTY-5.20 / OLD LOT 19557,UDN-182,,
GINZA UDHNA,DREAMS,KULDEEP,,,S-681 /NS/ 66,NS,56'',-,WHITE,REGULAR,20250,-,157.3,880.5,9,SOFT,KATI,FINIHS QLTY-6.30,UDN-183,,
GINZA UDHNA,SUNNY WEARS,KULDEEP,,,A-516 /N/ 62,N,56'',-,BLUE,N-46856,20244,-,69.98,559.5,6,SOFT,KATI,FINISH QLTY-8.25,UDN-184,,
GINZA UDHNA,SUNNY WEARS,KULDEEP,,,A-516 /N/ 62,N,56'',-,BLACK,N-46783,20245,-,69.54,556.5,6,SOFT,KATI,FINISH QLTY-8.25,UDN-185,,
GINZA UDHNA,SUNNY WEARS,KULDEEP,,,A-516 /N/ 62,N,56'',-,PINK,N-46861,20246,-,71,569,6,SOFT,KATI,FINISH QLTY-8.25,UDN-186,,
GINZA UDHNA,SUNNY WEARS,KULDEEP,,,A-516 /N/ 62,N,56'',-,OFF WHITE,N-46790,20247,-,69.42,556,6,SOFT,KATI,FINISH QLTY-8.25,UDN-187,,
GINZA UDHNA,DREAMS,KULDEEP,,,S-681 /NS/ 66,NS,56'',-,WHITE,REGULAR,20249,-,156.46,875.5,9,SOFT,KATI,FINISH QLTY-6.30,UDN-188,,
GINZA UDHNA,GINZA,KULDEEP,,,171 /N/ 24-PATTI,N,24 PATTI ,-,WHITE,REGULAR,20252,-,143.4,1333,11,HARD,KATI,FINIHS QLTY-9.50-10,UDN-189,,
GINZA UDHNA,TAPIO CREATION,KULDEEP,,,A-71 /N/ 65,N,56'',-,CHOCLET,N-47412,20255,-,147.68,2244.5,12,SOFT,KATI,FINIHS QLTY-16,UDN-190,,
GINZA UDHNA,,VIRENDRA,,,L-3096/PS-108      S/F,PS,58'',200,RFD,-,20074,,36.1,101,1,SOFT PH KETAN SIR,Rolling,,ORD-22183,,
CKU,,PIYUSH(CKU),,,C-672-76,P,64,120,RFD,-,18939,,25,,1,PH MAINTAIN ROLLING,Rolling,SN2425,ORD-22208,,
CKU,,PIYUSH(CKU),,,C-672-76,P,64,120,RFD,-,917,,25,,1,PH MAINTAIN ROLLING,Rolling,SN2526,ORD-22209,,
CKU,,PIYUSH(CKU),,,C-672-76,P,64,120,RFD,-,4889,,25,,1,PH MAINTAIN ROLLING,Rolling,SN2526,ORD-22210,,
CKU,,PIYUSH(CKU),,,C-672-76,P,64,120,RFD,-,11416,,25,,1,PH MAINTAIN ROLLING,Rolling,SN2526,ORD-22211,,
CKU,,PIYUSH(CKU),,,C-672-76,P,64,120,RFD,-,15580,,39,,1,PH MAINTAIN ROLLING,Rolling,SN2526,ORD-22212,,
GINZA UDHNA,SGU,,,,A-2103,N,59,35,NUDE,,15878,,11.7,,1,SOFT FINISH KATI,kanti,,ORD-22230,,
GINZA UDHNA,SGU,,,,A-2103,N,59,35,WAFFLE,,15878,,10,,1,SOFT FINISH KATI,kanti,,ORD-22231,,
GINZA UDHNA,SGU,,,,A-2103,N,59,35,BLUE,,15522,,10,,1,SOFT FINISH KATI,kanti,,ORD-22232,,
CKU,BRAND SQUARE,PIYUSH(CKU),,,NEW DEVELOPMENT-215C,P,65,165,WHITE,CKU-22120,20006,KDC-02,398.7,,14,EXTRA SOFT FINISH,Rolling,,CKU-1980,,
CKU,BRAND SQUARE,PIYUSH(CKU),,,NEW DEVELOPMENT-215C,P,65,165,WHITE,CKU-22120,20005,KDC-01,405,,14,EXTRA SOFT FINISH,Rolling,,CKU-1981,,
CKU,Cup Couture (Chennai),PIYUSH(CKU),,,C-656A(100%POLYFILA),P,63,105,VJ COFFEE,CKU-18130,20013,KDC-09,349.5,,14,SOFTWICKING(EXHAUSTMETHOD)+ANTITHERMAL(DRYNWET),Rolling,,CKU-1982,,
CKU,Cup Couture (Chennai),PIYUSH(CKU),,,C-656A(100%POLYFILA),P,63,105,V CRUSH & BLUSH ,CKU-19297,20012,KDC-08,348.58,,14,SOFTWICKING(EXHAUSTMETHOD)+ANTITHERMAL(DRYNWET),Rolling,,CKU-1983,,
CKU,Welnit Industries,PIYUSH(CKU),,,C-917A-62,NS,60,170,BURGUNDY,N-47440,20015,KDC-11,174.45,,7,SOFT FINISH,Rolling,,CKU-1984,,
CKU,CULTSPORTS/AMBERNATH,PIYUSH(CKU),,,C-917A-62,NS,60,150,MOONSTRUCK,N-46157,20014,KDC-10,349.3,,14,ANTI-STATIC WICKING FASTDRYAND ANTI-MICROBIAL,Rolling,,CKU-1985,,
CKU,CULTSPORTS/AMBERNATH,PIYUSH(CKU),,,C-917A-62,NS,60,150,MOONSTRUCK,N-46157,20239,KDC-24,174.8,,6,ANTI-STATIC WICKING FASTDRYAND ANTI-MICROBIAL,Rolling,,CKU-1986,,
CKU,B.K ENTERPRISE,PIYUSH(CKU),,,C-735A BLACK,PS,60,250,RFD,-,20090,KDC-12,379.2,,14,SOFT FINISH,Rolling,,CKU-1987,,
CKU,Sqad Gear /CULT,PIYUSH(CKU),,,C-735A BLACK,PS,60,250,RFD,-,20240,KDC-25,379.6,,14,SOFT WICKING ,Rolling,,CKU-1988,,
CKU,B.K ENTERPRISES,PIYUSH(CKU),,,NEW SAMPLE-1450A,CS,72,160,MINT,CL-39273,20091,KDC-13,421.1,,14,EXTRA SOFT FINISH,Rolling,,CKU-1989,,
CKU,Cup Couture (Chennai),PIYUSH(CKU),,,C-656A(100%POLYFILA),P,63,105,BEET RED,M-5009,20189,KDC-16,174.6,,7,SOFTWICKING(EXHAUSTMETHOD)+ANTITHERMAL(DRYNWET),Rolling,,CKU-1990,,
CKU,Cup Couture (Chennai),PIYUSH(CKU),,,C-656A(100%POLYFILA),P,63,105,V J COFFE,CKU-18130,20234,KDC-19,323.8,,13,SOFTWICKING(EXHAUSTMETHOD)+ANTITHERMAL(DRYNWET),Rolling,,CKU-1991,,
CKU,Cultsport Private Limited (Bangalore),PIYUSH(CKU),,,NEW DEVELOPMENT-276(POLY FILAMENT100%),P,64,135,DAY BREAK,CKU-22343,20236,KDC-21,164.4,,6,SOFTWICKING,Rolling,,CKU-1992,,
CKU,Rama Handicrafts (Jaipur),PIYUSH(CKU),,,NEW SAMPLE-709,P,62,160,RFD,RFD,20237,KDC-22,494.6,,18,SOFT WICKING+PH MAINTAIN,Rolling,,CKU-1993,,
CKU,Rama Handicrafts (Jaipur),PIYUSH(CKU),,,NEW SAMPLE-709,P,62,160,RFD,RFD,20238,KDC-23,711.5,,25,SOFT WICKING+PH MAINTAIN,Rolling,,CKU-1994,,
CKU,SGU,PIYUSH(CKU),,,C-917A,NS,60,160,BLACK,N-47486,20355,KDC-27,170,,6,SOFT FINISH,Rolling,,CKU-1995,,
CKU,Silvertraq International Private Limited (Tirupur),PIYUSH(CKU),,,C-735FKG,PS,60,260,RHODADENDR,M-7354,20356,KDC-28,199,,8,SOFT WICKING(EXHAUST METHOD)+ANTIMICROBIAL,Rolling,,CKU-1996,,
CKU,Flexfit Active Wear Pvt Ltd (Bangalore),PIYUSH(CKU),,,NEW SAMPLE-1458 (95%POLYESTER 05%SPANDEX),PS,60,270,STEEL GREY,HF-4165,20093,KDC-15,346,,13,SOFT WICKING(EXHAUST METHOD),Rolling,,CKU-1997,,
CKU,Flexfit Active Wear Pvt Ltd (Bangalore),PIYUSH(CKU),,,NEW SAMPLE-1458 (95%POLYESTER 05%SPANDEX),PS,60,270,STEEL GREY,HF-4165,20235,KDC-20,343.95,,13,SOFT WICKING(EXHAUST METHOD),Rolling,,CKU-1998,,
GINZA UDHNA,ABSJ ,VIRENDRA,,,TR-1 / NS / 85'',NS,58'',130,IRON GATE,N-47172 old lot 17875,17881,427,26,130,1,soft,kanti,most urgent,UDN-191,,
GINZA UDHNA,ginza udhna,VIRENDRA,,,TR-515 / PS /85'',PS,58'',95,BOIL + HEAT SET,P H MAINTAIN,20419,135,170,1191,8,soft,kanti,,UDN-192,,
GINZA UDHNA,MAA CREATION,VIRENDRA,,,TR-1 / NS /85'',NS,58'',130,BLACK,Regular,20421,137,303,1516,12,soft,kanti,,UDN-193,,
GINZA UDHNA,ginza udhna,VIRENDRA,,,TR-8 / NS / 85'',NS,58'',95,WHITE,Regular,20418,134,174,1219,9,soft,kanti,,UDN-194,,
GINZA UDHNA,FREE WILL,VIRENDRA,,,L-3009 / ps / 130'',PS,58'',220,BLACK,D-15027 old lot 16801 ok,20416,132,458,916,11,wicking soft,Roll,wicking soft ,UDN-195,,
GINZA UDHNA,PROTECH,VIRENDRA,,,L-74 / ns / 130'',NS,60'',200,GOLD,old lot 18344,20069,54,406,1014,10,soft,Roll,,UDN-196,,
GINZA UDHNA,REGULAR,SUNIL,,,"A-2001/N/65""",NYLON,"56""",-,WHITE,-,18493,GRP/0086/02/26,171.8,3025,14,REGULAR,TAKA FORM,DISPATCH IN TAKA FORM,UDN-197,,
GINZA UDHNA,PROVOCOTRO,SUNIL,,,"A-2001/N/65""",NYLON,"56""",-,BOIL HEAT SET,-,18494,GRP/0087/02/26,170.9,3007,14,REGULAR,ROLL PACKING,,UDN-198,,
GINZA UDHNA,RAGHUNATH,SUNIL,,,"A-2069/N/65""",NYLON,"56""",-,HEAT SET,-,20043,GRP/0028/03/26,111.5,3122,7,REGULAR,-,ONLY STENTER,UDN-199,,
GINZA UDHNA,S K F,SUNIL,,,"A-2011/N/72""",NYLON,"60""",-,HEAT SET,-,20253,GRP/0123/03/26,79.48,2299,12,REGULAR,-,ONLY STENTER,UDN-200,,
GINZA UDHNA,RAGHUNATH,SUNIL,,,"A-2069/N/65""",NYLON,"56""",-,HEAT SET,-,20414,GRP/0129/03/26,108.4,3035,7,REGULAR,-,ONLY STENTER,UDN-201,,
GINZA UDHNA,KRITIKA,SUNIL,,,"A-1625/P/65""",POLY,"56""",-,PINK,D-15149,20480,GRP/0161/03/26,118.9,3685.5,19,REGULAR,-,,UDN-202,,
GINZA UDHNA,KRITIKA,SUNIL,,,"A-1625/P/65""",POLY,"56""",-,PURPLE,D-15142,20481,GRP/0162/03/26,121.38,3763,21,REGULAR,-,,UDN-203,,
GINZA UDHNA,S JI,SUNIL,,,"A-2081E/N/52""",NYLON,"48""",-,BOIL HEAT SET,-,20483,GRP/0164/03/26,64.9,1224,5,REGULAR,-,,UDN-204,,
GINZA UDHNA,PRAMOD,SUNIL,,,"A-1129A/P/65""",POLY,"56""",-,SILVER GREY,-,20484,GRP/0165/03/26,287.44,3162,23,AS PER RUNNING,100 MTR ROLL PACKING,,UDN-205,,
GINZA UDHNA,KRITIKA,SUNIL,,,"A-1625/P/65""",POLY,"56""",-,LIGHT PURPLE,D-15156,20479,GRP/0160/03/26,121.48,3767.4,21,REGULAR,-,,UDN-206,,
GINZA UDHNA,TAPIO,SUNIL,,,"A-1105/P/65""",POLY,"56""",-,NUDE,D-15541,19308,GRP/0346/02/26,79.48,1152.5,7,REGULAR,-,,UDN-207,,
GINZA UDHNA,S K F,SUNIL,,,"A-2011/N/65""",NYLON,"56""",-,HEAT SET,-,20254,GRP/0124/03/26,72.04,2297,13,REGULAR,-,ONLY STENTER,UDN-208,,
CKU,VIBRENT PRINT,PIYUSH(CKU),,,C-732 (90%POLY 10% SPANDEX),PS,60,200,CENTER WHITE,-,20398,KDC-31,367,,13,SOFT FINISH+PH MAINTAIN,Rolling,CONFIRM WITH UDIT SIR,CKU-1999,,
CKU,VIBRENT PRINT,PIYUSH(CKU),,,C-732 (90%POLY 10% SPANDEX),PS,60,200,CENTER WHITE,-,20399,KDC-32,168,,6,SOFT FINISH+PH MAINTAIN,Rolling,CONFIRM WITH UDIT SIR,CKU-2000,,
CKU,Cup Couture (Chennai),PIYUSH(CKU),,,C-672,P,64,120,JETBLACK GRAFIT,M-6436,11643,KDC-001586,170,,7,SOFTWICKING(EXHAUSTMETHOD)+ANTITHERMAL(DRYNWET),Rolling,,CKU-2001,,
CKU,Cup Couture (Chennai),PIYUSH(CKU),,,C-672,P,64,120,CAFE LATE,CKU-17178,17679  A,KDC-002664,72,,3,SOFTWICKING(EXHAUSTMETHOD)+ANTITHERMAL(DRYNWET),Rolling,,CKU-2002,,
CKU,Cup Couture (Chennai),PIYUSH(CKU),,,C-672,P,64,120,BRACKEN ,M-9356,17679  B,KDC-002664,24,,1,SOFTWICKING(EXHAUSTMETHOD)+ANTITHERMAL(DRYNWET),Rolling,,CKU-2003,,
GINZA UDHNA,S JI,SUNIL,,,"A-2081E/N/52""",NYLON,"48""",-,WHITE,-,20483,GRP/0164/03/26,57.48,1076,4,REGULAR,-,,UDN-209,,
GINZA UDHNA,,ARIK,,,SAMPLE-11448,PS,56,,RFD,-,20248,,7.7,73,1,SOFT,Rolling,S/F,ORD-22294,,
GINZA UDHNA,GINZA,KULDEEP,,,266 /N/ 64 PATTI,N,64 PATTI,-,WHITE,REGULAR,20475,-,147.48,1192.5,11,HARD,KATI,FINISH QLTY-7,UDN-210,,
GINZA UDHNA,GINZA,KULDEEP,,,S-986 /NS/ 66,NS,56'',-,B+HEAT SET,REGULAR,20420,-,30,81,1,SOFT,KATI,NEW DESIGN,UDN-211,,
GINZA UDHNA,BLUEMOON,KULDEEP,,,S-766A /PS/ 68,PS,56'',-,NAVY BLUE,D-15118,20423,-,29.94,129,2,SOFT,KATI,FINISH QLTY-5.20 / OLD LOT 17741,UDN-212,,
GINZA UDHNA,TANJANA ,KULDEEP,,,JL-277 /N/ 66,N,54'',-,BLACK,N-47636,20465,-,229.68,1654,14,SOFT,KATI,FINISH QLTY-8.15,UDN-213,,
GINZA UDHNA,TANJANA ,KULDEEP,,,JL-277 /N/ 66,N,54'',-,GREEN,N-47748,20466,-,229.86,1655,14,SOFT,KATI,FINISH QLTY-8.15,UDN-214,,
GINZA UDHNA,TANJANA ,KULDEEP,,,JL-228 /N/ 66,N,54'',-,IVORY,N-47680,20467,-,360.82,1804,22,SOFT,KATI,FINISH QLTY-5.20,UDN-215,,
GINZA UDHNA,TANJANA ,KULDEEP,,,JL-228 /N/ 66,N,54'',-,PINK,N-47707,20468,-,367,1837,20,SOFT,KATI,FINISH QLTY-5.20,UDN-216,,
GINZA UDHNA,GINZA,KULDEEP,,,JL-225 /N/ 64,N,54'',-,B+HEAT SET,REGULAR,20469,-,49.9,324,3,SOFT,KATI,FINISH QLTY-7.70,UDN-217,,
GINZA UDHNA,GINZA,KULDEEP,,,JL-239 /N/ 66,N,56'',-,B+HEAT SET,REGULAR,20470,-,52.2,339,3,SOFT,KATI,FINISH QLTY-7.50,UDN-218,,
GINZA UDHNA,GINZA,KULDEEP,,,210 /N/ 50 PATTI,N,50 PATTI,-,WHITE,REGULAR,20473,-,142.96,1142.5,12,HARD,KATI,FINISH QLTY-7.80,UDN-219,,
GINZA UDHNA,GINZA,KULDEEP,,,283 /N/ 44 PATTI,N,44 PATTI,-,WHITE,REGULAR,20476,-,37.2,372.5,4,HARD,KATI,FINISH QLTY-10.80,UDN-220,,
GINZA UDHNA,GINZA,KULDEEP,,,283 /N/ 44 PATTI,N,44 PATTI,-,WHITE,REGULAR,20477,-,31.82,318,3,HARD,KATI,FINIHS QLTY-10.80,UDN-221,,
GINZA UDHNA,GINZA,KULDEEP,,,171 /N/ 24 PATTI,N,24 PATTI,-,WHITE,REGULAR,20486,-,190.54,1769.5,14,HARD,KATI,FINIHS QLTY-9.50-10,UDN-222,,
GINZA UDHNA,GINZA,KULDEEP,,,S-73B / NS / 66,NS,56'',-,B+HEAT SET,REGULAR,20472,-,34,211,3,SOFT,KATI,FINISH QLTY-7,UDN-223,,
GINZA UDHNA,GINZA,KULDEEP,,,266 /N/ 64 PATTI,N,64 PATTI,-,WHITE,REGULAR,20474,-,27.56,212.5,2,HARD,KATI,FINISH QLTY-7,UDN-224,,
GINZA UDHNA,SAANVI ,KULDEEP,,,S-617 /NS/ 68,NS,56'',-,RIO RED,N-36556,20485,-,131,563,7,SOFT,KATI,FINISH QLTY-5.25 / OLD LOT 7821,UDN-225,,
GINZA UDHNA,ginza udhna,VIRENDRA,,,L-4008 / NS / 130'',NS,58'',180,WHITE,Regular,20459,140,373,1119,10,soft,kanti,,UDN-226,,
GINZA UDHNA,PROTECH,VIRENDRA,,,L-3032 / PS / 130'',PS,58'',250,LIME GREEN,D-4186,20462,143,195,449,5,soft,Roll,,UDN-227,,
GINZA UDHNA,ginza udhna,VIRENDRA,,,L-04 / NS / 85'',NS,58'',160,WHITE,Regular,20464,145,114,411,3,soft,kanti,,UDN-228,,
GINZA UDHNA,RELIANCE,VIRENDRA,,,TR-508 / PS / 85'',PS,58'',110,BLACK,OLD LOT 19269,20461,142,339,2037,16,soft,kanti,BETTER FASTNESS ,UDN-229,,
GINZA UDHNA,TRIUMPH ,VIRENDRA,,,L-83 / NS /130'',NS,58'',200,NUDE BEIGE,OLD LOT 13605 OK,20256,126,118,297,3,THERMAL PROCESS ,Roll,THERMARL PROCESS ,UDN-230,,
Fabilon (Udhna) Sun,,EXTERNAL,,,MULBERRY BUBBLE	,PP,50 APC,180-190 APC,RFD,-,19883,CH-1649 J	,360,,12,APC  BY JENIL,Rolling,APC  BY JENIL,ORD-22296,,
Fabilon (Udhna) Sun,,EXTERNAL,,,MULBERRY BUBBLE	,PP,50 APC,180-190 APC,RFD,-,19883,CH-1649 J	,180,,6,APC  BY JENIL,Rolling,APC  BY JENIL,ORD-22297,,
GINZA UDHNA,BLUE MOON,VIRENDRA,,,L-92B / NS /130'',NS,58'',320,BLACK,Regular,20241,111,103,197,3,blue moon std,kanti,URGENT,UDN-231,,
GINZA UDHNA,NAIDU HALL,SUNIL,,,"A-2001/N/65""",NYLON,"56""",-,GREYISH PURPLE,N-47716,17745,GRP/0380/01/26,18.6,326,2,REGULAR,ROLL PACKING,,UDN-232,,
CKU,NAIDU HALL APPARELS,PIYUSH(CKU),,,C-917A-72,NS,65,160,LIGHT SKIN,N-46237,20400,KDC-33,168,,7,SOFT FINISH,Rolling,,CKU-2004,,
CKU,QMAX FASHION,PIYUSH(CKU),,,C-917A-72,NS,60,150,BROWNIE,N-33350,20447,KDC-35,178,,6,SOFT FINISH,Rolling,,CKU-2005,,
CKU,ROHIT SIR,PIYUSH(CKU),,,NS-1467,NS,60,180-200,NAVY,-,20008,KDC-04,21.3,,1,SOFT FINISH,Rolling,,CKU-2006,,
CKU,PIYUSHA SIR /SAMPLE,PIYUSH(CKU),,,ND-291A,PNS,60,150-180,RFD,-,20358,KDC-30,25,,1,SOFT FINISH,Rolling,CBR HEATSET FINISH,CKU-2007,,
CKU,PIYUSHA SIR /SAMPLE,PIYUSH(CKU),,,ND-291,PNS,60,150-180,RFD,-,20357,KDC-29,21,,1,SOFT FINISH,Rolling,CBR HEATSET FINISH,CKU-2008,,
CKU,TORAM CREATORS PRIVATE LIMITED. (MADURAI),PIYUSH(CKU),,,NEW DEVELOPMENT-215C(Polyester100%),P,65,165,BEIGE,CKU-21546,20449,KDC-37,394,,14,EXTRA SOFT FINISH,Rolling,,CKU-2009,,
CKU,TORAM CREATORS PRIVATE LIMITED. (MADURAI),PIYUSH(CKU),,,ND-215C RF ,P,65,165,BLACK,HF-2462,20435,RF-30,360,,17,EXTRA SOFT FINISH,Rolling,CONVERT INTO BLACK,CKU-2010,,
CKU,TORAM CREATORS PRIVATE LIMITED. (MADURAI),PIYUSH(CKU),,,NEW DEVELOPMENT-215C(Polyester100%),P,65,165,BEIGE,CKU-21546,20452,KDC-40,390,,14,EXTRA SOFT FINISH,Rolling,,CKU-2011,,
CKU,TORAM CREATORS PRIVATE LIMITED. (MADURAI),PIYUSH(CKU),,,NEW DEVELOPMENT-215C(Polyester100%),P,65,165,BEIGE,CKU-21546,20451,KDC-39,392,,14,EXTRA SOFT FINISH,Rolling,,CKU-2012,,
CKU,TORAM CREATORS PRIVATE LIMITED. (MADURAI),PIYUSH(CKU),,,NEW DEVELOPMENT-215C(Polyester100%),P,65,165,BEIGE,CKU-21546,20453,KDC-41,391,,14,EXTRA SOFT FINISH,Rolling,,CKU-2013,,
CKU,SAMPLE/PIYUSH SIR,PIYUSH(CKU),,,ND-288,PS,60-65,230-250,PEACH,-,19951,KDC-46,25.1,,1,SOFT FINISH,Rolling,KETAN MASTER/CONFIRM WITH PIYUSH SIR (TRUSTEX),CKU-2014,,
CKU,ROHIT SIR,PIYUSH(CKU),,,ND-290,NS,-,170,NAVY,-,20092,KDC-14,12.8,,1,SOFT WICKING,Rolling,,CKU-2015,,
CKU,TORAM CREATORS PRIVATE LIMITED. (MADURAI),PIYUSH(CKU),,,NEW DEVELOPMENT-215C(Polyester100%),P,65,165,BEIGE,CKU-21546,20450,KDC-38,385,,14,EXTRA SOFT FINISH,Rolling,,CKU-2016,,
CKU,SAMPLE/UDIT SIR,PIYUSH(CKU),,,ND-293,PS,60-65,200,ANY COLOR,-,20455,KDC-43,23,,1,SOFT WICKING,Rolling,,CKU-2017,,
CKU,TORAM CREATORS PRIVATE LIMITED. (MADURAI),PIYUSH(CKU),,,ND-215C RF ,P,65,165,BLACK,HF-2462,20434,RF-29,360,,15,EXTRA SOFT FINISH,Rolling,CONVERT INTO BLACK,CKU-2018,,
GINZA UDHNA,FREE WILL,VIRENDRA,,,L-3009 / ps / 130'',PS,58'',220,BLACK,D-15027 old lot 16801 ok,20529,169,403,805,10,wicking soft,Roll,wicking soft ,UDN-233,,
GINZA UDHNA,FREE WILL,VIRENDRA,,,L-3009 / ps / 130'',PS,58'',220,BLACK,D-15027 old lot 16801 ok,20530,170,408,816,10,wicking soft,Roll,wicking soft ,UDN-234,,
GINZA UDHNA,PROTECH,VIRENDRA,,,L-3009 / ps / 130'',PS,58'',220,DARK GREY,D-3660,20528,168,200,401,5,soft,Roll,,UDN-235,,
GINZA UDHNA,BHARTI,VIRENDRA,,,L-63 / NS / 65'',NS,42'',140,BOIL + HEAT SET,Regular,20532,172,143,689,7,AS PER LAST,kanti,,UDN-236,,
GINZA UDHNA,BHARTI,VIRENDRA,,,L-63 / NS / 65'',NS,42'',140,BLACK,OLD LOT 18433,20533,173,141,677,7,AS PER LAST,kanti,,UDN-237,,
CKU,ROHIT SIR,PIYUSH(CKU),,,ND-290 (H/D/F),NS,-,170,NAVY,-,20092,KDC-14,6.3,,1,SOFT WICKING,Rolling,KETAN MASTER/CONFIRM WITH PIYUSH SIR (TRUSTEX),ORD-22354,,
GINZA UDHNA,ginza udhna,VIRENDRA,,,L-4051H350C/ NS /130'',NS,58'',175-180,NAVY,N-48064,20201,102,40,99,1,SOFT,kanti,CBR DONE ,ORD-22355,,
GINZA UDHNA,RAMA HANDICRAFT,ARIK,,,RS-9364 / P / 43,P,56,175,BOIL HEAT SET,PH MAINTEN,20541,181,73.5,352,3,REGULAR,TAKA FORM,"FINISH QULITY 4 , NOTE :- PH MAINTEN , TOP MOST URGANT",UDN-238,,
GINZA UDHNA,B.K. ENTERPRISES,ARIK,,,SP-093 / NS / 65,NS,56,167,BOIL HEAT SET,-,20540,180,54.5,245,4,REGULAR,TAKA FORM,FINISH QULITY 4.2,UDN-239,,
GINZA UDHNA,RAMA HANDICRAFT,ARIK,,,RS-9364 / P / 43,P,56,175,BOIL HEAT SET,PH MAINTEN,20478,159,38.78,186,3,REGULAR,TAKA FORM,"FINISH QULITY 4 , NOTE :- PH MAINTEN , TOP MOST URGANT",UDN-240,,
GINZA UDHNA,GINZA,KULDEEP,,,A-537 /N/ 66,N,56'',-,WHITE,REGULAR,20549,-,85.84,522.5,6,SOFT,KATI,FINIHS QLTY-8,UDN-241,,
GINZA UDHNA,AAKANKSHA,KULDEEP,,,JL-246 /N/ 64,N,54'',-,SKIN,N-48175,20547,-,87,479,5,SOFT,KATI,FINIHS QLTY-6.50,UDN-242,,
GINZA UDHNA,AAKANKSHA,KULDEEP,,,JL-251 /N/ 66,N,54'',-,BLACK,N-48186,20545,-,254.92,1605.5,14,SOFT,KATI,FINISH QLTY-6.50-7/   ,UDN-243,,
GINZA UDHNA,AAKANKSHA,KULDEEP,,,JL-251 /N/ 66,N,54'',-,SKIN,N-48175,20542,-,89.22,562,5,SOFT,KATI,FINISH QLTY-6.50-7 / 5 % DARK KARNA HAI,UDN-244,,
GINZA UDHNA,AAKANKSHA,KULDEEP,,,JL-251 /N/ 66,N,54'',-,DARK MAROON,N-48084,20543,-,87.84,553,5,SOFT,KATI,FINISH QLTY-6.50-7 /,UDN-245,,
GINZA UDHNA,AAKANKSHA,KULDEEP,,,JL-251 /N/ 66,N,54'',-,CREAM,N-48171,20544,-,104.2,655.5,6,SOFT,KATI,FINISH QLTY-6.50-7/   ,UDN-246,,
GINZA UDHNA,AAKANKSHA,KULDEEP,,,JL-246 /N/ 64,N,54'',-,DARK MAROON,N-48084,20548,-,87.82,484,5,SOFT,KATI,FINIHS QLTY-6.50,UDN-247,,
CKU,Cultsport Private Limited (Bangalore),PIYUSH(CKU),,,NEW DEVELOPMENT-276(POLY FILAMENT100%),P     ,64,135,IRON GATE,HF-3275,20456,KDC-44,55,,2,SOFTWICKING,Rolling,,CKU-2019,,
CKU,SAMPLE/UDIT SIR,PIYUSH(CKU),,,NEW DEVELOPMENT-292,MMS,70,210,PEACH,-,20518,KDC-60,27.9,,1,SOFT FINISH,Rolling,,CKU-2020,,
CKU,SAMPLE/UDIT SIR,PIYUSH(CKU),,,NEW DEVELOPMENT-292A,MMS,70,180,PEACH,-,20519,KDC-61,27,,1,SOFT FINISH,Rolling,,CKU-2021,,
CKU,CUP COUTURE (CHENNAI),PIYUSH(CKU),,,C-672-76,P,64,120,CRYSTAL PINK,CKU-17838,20513,KDC-55,167,,7,SOFTWICKING(EXHAUSTMETHOD)+ANTITHERMAL(DRYNWET),Rolling,,CKU-2022,,
CKU,Makhija Brothers (Amardham),PIYUSH(CKU),,,C-917A,NS ,60,150,DUSKY,N-42415,20401,KDC-34,403,,15,SOFT FINISH,Rolling,,CKU-2023,,
CKU,CUP COUTURE (CHENNAI),PIYUSH(CKU),,,C-672-76,P,64,120,DEEP TAUPE,CKU-15407,20505,KDC-47,341,,14,SOFTWICKING(EXHAUSTMETHOD)+ANTITHERMAL(DRYNWET),Rolling,,CKU-2024,,
CKU,CUP COUTURE (CHENNAI),PIYUSH(CKU),,,C-672-76,P,64,120,DEEP TAUPE,CKU-15407,20506,KDC-48,341,,14,SOFTWICKING(EXHAUSTMETHOD)+ANTITHERMAL(DRYNWET),Rolling,,CKU-2025,,
CKU,CUP COUTURE (CHENNAI),PIYUSH(CKU),,,C-672-76,P,64,120,DEEP TAUPE,CKU-15407,20507,KDC-49,341,,14,SOFTWICKING(EXHAUSTMETHOD)+ANTITHERMAL(DRYNWET),Rolling,,CKU-2026,,
CKU,CUP COUTURE (CHENNAI),PIYUSH(CKU),,,C-672-76,P,64,120,HONEY BEIGE,M-4847,20508,KDC-50,341,,14,SOFTWICKING(EXHAUSTMETHOD)+ANTITHERMAL(DRYNWET),Rolling,,CKU-2027,,
CKU,CUP COUTURE (CHENNAI),PIYUSH(CKU),,,C-672-76,P,64,120,DEEP TAUPE,CKU-15407,20510,KDC-52,339,,14,SOFTWICKING(EXHAUSTMETHOD)+ANTITHERMAL(DRYNWET),Rolling,,CKU-2028,,
CKU,CUP COUTURE (CHENNAI),PIYUSH(CKU),,,C-672-76,P,64,120,DEEP TAUPE,CKU-15407,20511,KDC-53,337,,14,SOFTWICKING(EXHAUSTMETHOD)+ANTITHERMAL(DRYNWET),Rolling,,CKU-2029,,
CKU,CUP COUTURE (CHENNAI),PIYUSH(CKU),,,C-672-76,P,64,120,DEEP TAUPE,CKU-15407,20512,KDC-54,339,,14,SOFTWICKING(EXHAUSTMETHOD)+ANTITHERMAL(DRYNWET),Rolling,,CKU-2030,,
CKU,CUP COUTURE (CHENNAI),PIYUSH(CKU),,,C-672-76,P,64,120,DEEP TAUPE,CKU-15407,20514,KDC-56,169,,7,SOFTWICKING(EXHAUSTMETHOD)+ANTITHERMAL(DRYNWET),Rolling,,CKU-2031,,
CKU,B.K ENTERPRISE (PO-852),PIYUSH(CKU),,,C-735A BLACK,PS,60,250,RFD,DOUBLE BRUSH,20516 A,KDC-58,350,,13,SOFT FINISH,Rolling,DOUBLE BRUSH,CKU-2032,,
CKU,CUP COUTURE (CHENNAI),PIYUSH(CKU),,,C-672-76,P,64,120,DEEP TAUPE,CKU-15407,20509,KDC-51,339,,14,SOFTWICKING(EXHAUSTMETHOD)+ANTITHERMAL(DRYNWET),Rolling,,CKU-2033,,
CKU,CUP COUTURE (CHENNAI),PIYUSH(CKU),,,C-672-76,P,64,120,DEEP TAUPE,CKU-15407,20515,KDC-57,170,,7,SOFTWICKING(EXHAUSTMETHOD)+ANTITHERMAL(DRYNWET),Rolling,,CKU-2034,,
CKU,STOCK,PIYUSH(CKU),,,C-735A BLACK,PS,60,250,RFD,-,20516 B,KDC-58,28,,1,SOFT FINISH,Rolling,,CKU-2035,,
GINZA UDHNA,PROTECH,VIRENDRA,,P-5182-A,L-3032 / PS / 130'',PS,58'',250,PINK,D-7655 old lot 12448,20259,51,39.3,90,1,soft,Rolling,,ORD-22374,,
GINZA UDHNA,ram swaroop,VIRENDRA,,,TR-8 LIGHT / NS / 85'',NS,58'',80,BOIL + HEAT SET,Regular,20535,175,177,1329,9,super soft,kanti,,UDN-248,,
GINZA UDHNA,ginza udhna,VIRENDRA,,,TR-534 / PS / 85'',PS,58'',95,BOIL + HEAT SET,P H MAINTAIN,20045,30,121,970,3,soft,kanti,CHINA GOODS( URGENT ),UDN-249,,
GINZA UDHNA,SALONI,SUNIL,,,"A-2069/N/65""",NYLON,"56""",-,WHITE,-,20415,GRP/0130/03/26,107.5,3009.5,7,SUPER SOFT,-,,UDN-250,,
GINZA UDHNA,TORAM,SUNIL,,,"A-1511/P/65""",POLY,"56""",-,BEIGE,D-14661,20536,GRP/0176/03/26,274.2,1644.5,12,REGULAR,ROLL PACKING,NEED URGENT,UDN-251,,
GINZA UDHNA,TORAM,SUNIL,,,"A-1511/P/65""",POLY,"56""",-,BEIGE,D-14661,20539,GRP/0179/03/26,305.9,1836,13,REGULAR,ROLL PACKING,NEED URGENT,UDN-252,,
GINZA UDHNA,TORAM,SUNIL,,,"A-1511/P/65""",POLY,"56""",-,GREY,D-14651,20537,GRP/0177/03/26,163.5,980.5,7,REGULAR,ROLL PACKING,,UDN-253,,
GINZA UDHNA,TORAM,SUNIL,,,"A-1511/P/65""",POLY,"56""",-,GREY,D-14651,20538,GRP/0178/03/26,164,987,7,REGULAR,ROLL PACKING,,UDN-254,,
GINZA UDHNA,TORAM,SUNIL,,,"A-1511/P/65""",POLY,"56""",-,NAVY,HF-2722,20599,GRP/0194/03/26,304.4,1827,13,REGULAR,ROLL PACKING,,UDN-255,,
GINZA UDHNA,REGULAR,SUNIL,,,"G-06C/P/65""",POLY,"56""",-,WHITE,-,20600,GRP/0195/03/26,171.52,1594.5,11,REGULAR,-,,UDN-256,,
CKU,K G SPORTS,PIYUSH(CKU),,,NEW DELOPMENT-241,P,70,200,BLACK,CKU-22747,20448,KDC-36,160,,6,SOFT FINISH,Rolling,,CKU-2036,,
CKU,K G SPORTS,PIYUSH(CKU),,,NEW DELOPMENT-241,P,70,200,TAUPE,CKU-22933,18301 A,KDC-2794,160,,6,SOFT FINISH,Rolling,,CKU-2037,,
CKU,CULTSPORTS/AMBERNATH,PIYUSH(CKU),,,C-715F(90%POLYESTER 10%SPANDEX),PS,60,160,VIOLET TULLE,CKU-23330,17471,k-02619,74.8,,3,SOFT WICKING  ,Rolling,,CKU-2038,,
CKU,CULTSPORTS,PIYUSH(CKU),,,C-655F,P,60,150,VIOLET TULLE,CKU-23336,17601,K-02649,87.8,,3,SOFT WICKING,Rolling,,CKU-2039,,
CKU,CULTSPORTS,PIYUSH(CKU),,,C-655F,P,60,150,VIOLET TULLE,CKU-23336,18965,KDC-2881,204,,7,SOFT WICKING,Rolling,,CKU-2040,,
CKU,SGU,PIYUSH(CKU),,,C-920F(82%NYLON 18%SPANDEX),NS,60,200,BLACK,N-47292,19502,KDC-2977,198,,8,SOFT FINISH,Rolling,,CKU-2041,,
CKU,K G SPORTS,PIYUSH(CKU),,,NEW DELOPMENT-241,P,70,200,BLACK,CKU-22747,20454,KDC-42,27,,1,SOFT FINISH,Rolling,,CKU-2042,,
CKU,K G SPORTS,PIYUSH(CKU),,,NEW DELOPMENT-241,P,70,200,NAVY,CKU-22734,18300 A,KDC-2793 ,160,,6,SOFT FINISH,Rolling,,CKU-2043,,
CKU,K G SPORTS,PIYUSH(CKU),,,NEW DELOPMENT-241,P,70,200,GREY,CKU-22122,18300 B,KDC-2793 ,160,,6,SOFT FINISH,Rolling,,CKU-2044,,
CKU,K G SPORTS,PIYUSH(CKU),,,NEW DELOPMENT-241,P,70,200,ECRU,CKU-22927,18301 B,KDC-2794,160,,6,SOFT FINISH,Rolling,,CKU-2045,,
GINZA UDHNA,SAPPHIRE HOUSE,VIRENDRA,,,L-3017 / PS / 130'',PS,58'',170-175,WHITE+UPF-50,UPF-50,20534,174,166,415,4,soft,kanti,,UDN-257,,
GINZA UDHNA,PROTECH,VIRENDRA,,,L-3032 / PS / 130'',PS,58'',250,Black,old lot 16493,20067,52,196,451,5,soft,Roll,,UDN-258,,
GINZA UDHNA,TAPIO,VIRENDRA,,,TR-508 / PS /85'',PS,58'',110,BROWN,D-15331,20595,190,217,1305,10,soft,kanti,URGENT,UDN-259,,
GINZA UDHNA,ginza udhna,VIRENDRA,,,TR-515 /PS / 85'',PS,58'',95,BOIL + HEAT SET,P H MAINTAIN,20596,191,171,1198,8,soft,kanti,,UDN-260,,
GINZA UDHNA,BLUE MOON,VIRENDRA,,,L-92B / NS /130'',NS,58'',320,BLACK,Regular,20597,192,104,198,3,blue moon std,kanti,,UDN-261,,
GINZA UDHNA,BLUE MOON,VIRENDRA,,,L-92B / NS /130'',NS,58'',320,BLACK,Regular,20598,193,98,188,3,blue moon std,kanti,,UDN-262,,
GINZA UDHNA,GINZA,KULDEEP,,,A-71D /P/ 65,P,56'',-,B+HEAT SET,REGULAR,20601,-,55.68,919.5,4,SOFT,KATI,FINISH QLTY-14.50,UDN-263,,
GINZA UDHNA,GINZA,KULDEEP,,,159 /N/ 108 PATTI,N,108 PATTI,-,WHITE,REGULAR,20602,-,167.5,1389,12,HARD,KATI,FINISH QLTY-9,UDN-264,,
CKU,SAMPLE/PIYUSH SIR,PIYUSH(CKU),,,NEW DEVELOPMENT-215C4,P,65,165,ANY COLOUR,-,20517,KDC-59,26.35,,1,EXTRA SOFT FINISH,Rolling,,CKU-2046,,
CKU,TORAM CREATORS PRIVATE LIMITED. (MADURAI),PIYUSH(CKU),,,NEW DEVELOPMENT-215C(Polyester100%),P,65,165,BLACK,HF-2462,20574 A,KDC-62,220,,8,EXTRA SOFT FINISH,Rolling,,CKU-2047,,
CKU,TORAM CREATORS PRIVATE LIMITED. (MADURAI),PIYUSH(CKU),,,NEW DEVELOPMENT-215C(Polyester100%),P,65,165,BEIGE,CKU-21546,20578,KDC-66,390,,14,EXTRA SOFT FINISH,Rolling,,CKU-2048,,
CKU,TORAM CREATORS PRIVATE LIMITED. (MADURAI),PIYUSH(CKU),,,NEW DEVELOPMENT-215C(Polyester100%),P,65,165,BEIGE,CKU-21546,20577,KDC-65,388,,14,EXTRA SOFT FINISH,Rolling,,CKU-2049,,
CKU,LajLifestylePvtLtd(Noida),PIYUSH(CKU),,,NEW SAMPLE-1220B-82,P,66,150,RFD,RFD,20588,KDC-76,399,,16,SOFT WICKING+PH MAINTAIN,Rolling,,CKU-2050,,
CKU,TORAM CREATORS PRIVATE LIMITED. (MADURAI),PIYUSH(CKU),,,NEW DEVELOPMENT-215C(Polyester100%),P,65,165,BEIGE,CKU-21546,20575,KDC-63,393,,14,EXTRA SOFT FINISH,Rolling,,CKU-2051,,
CKU,TORAM CREATORS PRIVATE LIMITED. (MADURAI),PIYUSH(CKU),,,NEW DEVELOPMENT-215C(Polyester100%),P,65,165,BEIGE,CKU-21546,20576,KDC-64,392,,14,EXTRA SOFT FINISH,Rolling,,CKU-2052,,
CKU,TORAM CREATORS PRIVATE LIMITED. (MADURAI),PIYUSH(CKU),,,NEW DEVELOPMENT-215C(Polyester100%),P,65,165,NAVY,HF-2457,20579,KDC-67,389,,14,EXTRA SOFT FINISH,Rolling,,CKU-2053,,
CKU,TORAM CREATORS PRIVATE LIMITED. (MADURAI),PIYUSH(CKU),,,NEW DEVELOPMENT-215C(Polyester100%),P,65,165,NAVY,HF-2457,20580,KDC-68,385,,14,EXTRA SOFT FINISH,Rolling,,CKU-2054,,
CKU,TORAM CREATORS PRIVATE LIMITED. (MADURAI),PIYUSH(CKU),,,NEW DEVELOPMENT-215C(Polyester100%),P,65,165,NAVY,HF-2457,20581,KDC-69,387,,14,EXTRA SOFT FINISH,Rolling,,CKU-2055,,
CKU,TORAM CREATORS PRIVATE LIMITED. (MADURAI),PIYUSH(CKU),,,NEW DEVELOPMENT-215C(Polyester100%),P,65,165,NAVY,HF-2457,20582,KDC-70,391,,14,EXTRA SOFT FINISH,Rolling,,CKU-2056,,
CKU,TORAM CREATORS PRIVATE LIMITED. (MADURAI),PIYUSH(CKU),,,NEW DEVELOPMENT-215C(Polyester100%),P,65,165,NAVY,HF-2457,20583,KDC-71,390,,14,EXTRA SOFT FINISH,Rolling,,CKU-2057,,
CKU,TORAM CREATORS PRIVATE LIMITED. (MADURAI),PIYUSH(CKU),,,NEW DEVELOPMENT-215C(Polyester100%),P,65,165,GREY,CKU-21540,20584,KDC-72,392,,14,EXTRA SOFT FINISH,Rolling,,CKU-2058,,
CKU,LajLifestylePvtLtd(Noida),PIYUSH(CKU),,,NEW SAMPLE-1220B-82,P,66,150,RFD,RFD,20585,KDC-73,414,,16,SOFT WICKING+PH MAINTAIN,Rolling,,CKU-2059,,
CKU,LajLifestylePvtLtd(Noida),PIYUSH(CKU),,,NEW SAMPLE-1220B-82,P,66,150,RFD,RFD,20586,KDC-74,411,,16,SOFT WICKING+PH MAINTAIN,Rolling,,CKU-2060,,
CKU,LajLifestylePvtLtd(Noida),PIYUSH(CKU),,,NEW SAMPLE-1220B-82,P,66,150,RFD,RFD,20587,KDC-75,402,,16,SOFT WICKING+PH MAINTAIN,Rolling,,CKU-2061,,
CKU,LajLifestylePvtLtd(Noida),PIYUSH(CKU),,,NEW SAMPLE-1220B-82,P,66,150,RFD,RFD,20589,KDC-77,414,,16,SOFT WICKING+PH MAINTAIN,Rolling,,CKU-2062,,
CKU,Raji Exports (Tirupur),PIYUSH(CKU),,,NEW DEVELOPMENT-215C(Polyester100%),P,64,170,BEIGE,CKU-23165,20574 B,KDC-62,170,,6,SILICON FINISH,Rolling,,CKU-2063,,
GINZA UDHNA,B.K. ENTERPRISES,ARIK,,,SP-060A / NS / 65,NS,56,93,WHITE,-,20673,217,143.7,860,8,REGULAR,TAKA FORM,FINISH QULITY 7.5,UDN-265,,
GINZA UDHNA,RELIANCE,VIRENDRA,,,TR-508 / PS / 85'',PS,58'',110,BLACK,OLD LOT 19269,20661,205,313,1881,15,soft,kanti,BETTER FASTNESS ,UDN-266,,
GINZA UDHNA,FREE WILL,VIRENDRA,,,L-3009 / ps / 130'',PS,58'',220,BLACK,D-15027 old lot 16801 ok,20654,198,402,802,10,wicking soft,Roll,wicking soft ,UDN-267,,
GINZA UDHNA,ginza udhna,VIRENDRA,,,TR-534 / PS / 85'',PS,58'',95,BOIL + HEAT SET,P H MAINTAIN,20663,207,177,1276,4,soft,kanti,china goods,UDN-268,,
GINZA UDHNA,ginza udhna,VIRENDRA,,,TR-534 / PS / 85'',PS,58'',95,BOIL + HEAT SET,P H MAINTAIN,20662,206,306,2208,7,soft,kanti,china goods,UDN-269,,
GINZA UDHNA,MITTAL HOSIERY,KULDEEP,,,A-17A /N/ 62,N,56'',-,OLIVE APC,N-47384,20670,-,222.7,1357,13,SOFT,KATI,FINISH QLTY-6.75,UDN-270,,
GINZA UDHNA,GINZA,KULDEEP,,,A-844 /NCT/ 62,NCT,56'',-,B+HEAT SET,REGULAR,20665,-,28.8,150,1,SOFT,KATI,FINISH QLTY-5.70,UDN-271,,
GINZA UDHNA,PEPPERMINT,KULDEEP,,,A-836 /NCT/ 62,NCT,56'',-,B+HEAT SET,REGULAR,20666,-,223,1070,6,SOFT,KATI,FINISH QLTY-5,UDN-272,,
GINZA UDHNA,,EXTERNAL,,,A-1599E/P-72	,PP,60,170,CHAMPAGNE,G-4071 KHATA	,20487,,330,,10,ROLLING,Rolling,,ORD-22492,,
GINZA UDHNA,FREE WILL,VIRENDRA,,,L-3009 / ps / 130'',PS,58'',220,BLACK,D-15027 old lot 16801 ok,20417,133,460,920,11,wicking soft,Roll,wicking soft ,UDN-280,,
GINZA UDHNA,NAIDU HALL,SUNIL,,,"A-2001/N/65""",NYLON,"56""",-,WHITE,-,20482,GRP/0163/03/26,144.4,2539.5,12,REGULAR,ROLL PACKING,,UDN-273,,
GINZA UDHNA,REGULAR,SUNIL,,,"JURSEY-2/N/56""",NYLON,"56""",-,WHITE TO BLACK,RF GOODS,20636,-,72.45,520,7,REGULAR,-,RF GOODS,UDN-274,,
GINZA UDHNA,TORAM,SUNIL,,,"A-1511/P/65""",POLY,"56""",-,GREY,D-14651,20671,GRP/0215/03/26,305,1826.5,13,REGULAR,ROLL PACKING,,UDN-275,,
GINZA UDHNA,PAGE,SUNIL,,,"A-2103/N/65""",NYLON,"56""",-,V QUITE SHADE,RF GOODS,20635,-,66,1171.75,8,REGULAR,-,RF GOODS,UDN-276,,
GINZA UDHNA,PRAMOD,SUNIL,,,"A-1129A/P/65""",POLY,"56""",-,SILVER GREY,-,20669,GRP/0213/03/26,329.8,3633,26,AS PER RUNNING,100 MTR ROLL PACKING,,UDN-277,,
GINZA UDHNA,TORAM,SUNIL,,,"A-1511/P/65""",POLY,"56""",-,GREY,D-14651,20672,GRP/0216/03/26,305.4,1831,13,REGULAR,ROLL PACKING,,UDN-278,,
GINZA UDHNA,MITTAL,SUNIL,,,"A-2162A/N/65""",NYLON,"60""",-,WHITE,-,-,GRP/226/03/26,397.8,4970.5,22,REGULAR,-,,UDN-279,,
GINZA UDHNA,V STAR,SUNIL,,,"A-2006F/N/65""",NYLON,"56""",-,BEIGE,N-31186,-,GRP/228/03/26,71.9,1223,5,REGULAR,-,OLD LOT NO. 18885,UDN-281,,
GINZA UDHNA,NEW DES,SUNIL,,,"A-2028/NP/65""",N * P,"56""",-,HEAT SET,-,20668,GRP/0212/03/26,15.1,121,2,-,-,,UDN-282,,
CKU,SHUBHAM TRADING,PIYUSH(CKU),,,NEW DEVELPMENT-86,CS,70,320,BLACK,CL-37004,20571,KDC-33,195.02,,7,SILICON FINISH,Rolling,CONVERT INTO BLACK TAKE IT ON FIRST FIORITY,CKU-2064,,
CKU,K G SPORTS,PIYUSH(CKU),,,NS-1220G,P,60,160,WHITE,CKU-15733,20644,KDC-84,105.56,,4,SOFT FINISH,Rolling,,CKU-2065,,
CKU,K G SPORTS,PIYUSH(CKU),,,NS-1439C,P,60,160,WHITE,CKU-15733,20645,KDC-85,96.58,,4,SOFT FINISH,Rolling,,CKU-2066,,
CKU,TAPIO CRATION,PIYUSH(CKU),,,C-761,PS,60,280,CREAM , CKU-23408,20457,KDC-45,50,,2,SOFT FINISH,Rolling,,CKU-2067,,
CKU,Rama Handicrafts (Jaipur),PIYUSH(CKU),,,NEW SAMPLE-709,P,62,160,RFD,RFD,20638,KDC-78,657.8,,26,SOFT WICKING+PH MAINTAIN,Rolling,,CKU-2068,,
CKU,Makhija Brothers (Amardham),PIYUSH(CKU),,,C-917A,NS ,60,150,DUSKY,N-42415,20640,KDC-80,356.4,,13,SOFT FINISH,Rolling,,CKU-2069,,
CKU,AARKS KRISHAW,PIYUSH(CKU),,,C-735 BLACK,PS,60,250,RFD,-,20641,KDC-81,353.1,,13,SOFT WICKING ,Rolling,,CKU-2070,,
CKU,Encot Fabrics Pvt Ltd (Boisar),PIYUSH(CKU),,,NEW SAMPLE-489AF(92%POLYFILAMENT 08%SPANDEX),PS,60,210,RFD,RFD,20642,KDC-82,402.8,,17,HANDFEELSHOULDBEASPERCUTTINGAPC-290403LYINGWITHAJAYMASTER,Rolling,,CKU-2071,,
CKU,Encot Fabrics Pvt Ltd (Boisar),PIYUSH(CKU),,,NEW SAMPLE-489AF(92%POLYFILAMENT 08%SPANDEX),PS,60,210,RFD,RFD,20643,KDC-83,394.9,,16,HANDFEELSHOULDBEASPERCUTTINGAPC-290403LYINGWITHAJAYMASTER,Rolling,,CKU-2072,,
GINZA UDHNA,B.K. ENTERPRISES,ARIK,,,SP-081 / NS / 65,NS,56,152,COFFEE,N-47998,20422,138,120,601,8,REGULAR,TAKA FORM,FINISH QUALITY 4.6,UDN-283,,
GINZA UDHNA,B.K. ENTERPRISES,ARIK,,,SP-081 / NS / 65,NS,56,152,SKIN,N-48163,20105,77,27.58,138,2,REGULAR,TAKA FORM,FINISH QUALITY 4.6,UDN-284,,
GINZA UDHNA,B.K. ENTERPRISES,ARIK,,,SP-081 / NS / 65,NS,56,152,SKIN,N-48163,20104,76,91.46,457.5,6,REGULAR,TAKA FORM,FINISH QUALITY 4.6,UDN-285,,
GINZA UDHNA,S G U,KULDEEP,,,A-30A DULL /P/ 66,P,56'',-,B+HEAT SET,REGULAR,17645,-,12.1,117.5,1,SOFT,KATI,FINISH QLTY-11,UDN-286,,
CKU,Makhija Brothers (Amardham),PIYUSH(CKU),,,C-917A,NS ,60,150,DUSKY,N-42415,20639,KDC-79,357.6,,15,SOFT FINISH,Rolling,,CKU-2073,,
CKU,K G Exports (Ludhiana),PIYUSH(CKU),,,NEW DEVELOPMENT-57B(89%NYLON 11%SPANDEX),NS,60,220,AQUA,AS PER LOT-12103,20569,KDC-32,302.7,,12,SOFT SILICON FINISH,Rolling,,CKU-2074,,
CKU,RELIANCE,PIYUSH(CKU),,,C-768A-62,PS,60,220,PINK,CKU-20863,20708,KDC-88,424,,17,SOFT FINISH,Rolling,,CKU-2075,,
CKU,RELIANCE,PIYUSH(CKU),,,C-768A-62,PS,60,220,PINK,CKU-20863,20711,KDC-91,412,,16,SOFT FINISH,Rolling,,CKU-2076,,
CKU,RELIANCE,PIYUSH(CKU),,,C-768A-62,PS,60,220,PINK,CKU-20863,20710,KDC-90,409,,16,SOFT FINISH,Rolling,,CKU-2077,,
CKU,K G Exports (Ludhiana),PIYUSH(CKU),,,NEW DEVELOPMENT-57B(89%NYLON 11%SPANDEX),NS,60,220,ECRU,AS PER LOT-12105,20568,KDC-31,304.1,,12,SOFT SILICON FINISH,Rolling,,CKU-2078,,
CKU,RELIANCE,PIYUSH(CKU),,,C-768A-62,PS,60,220,PINK,CKU-20863,20709,KDC-89,409,,16,SOFT FINISH,Rolling,,CKU-2079,,
CKU,N G APPRELS/SAMPLE,PIYUSH(CKU),,,ND-194,PS,60,290,GREY ,HF-4309,20712,KDC-92,25,,1,SOFT WICKING,Rolling,,CKU-2080,,
CKU,UDIT SIR/sample,PIYUSH(CKU),,,NEW DEVELOPMENT-286,PS,60,220,NAVY,BOTH SIDE BRUSHING,20714,KDC-94,26,,1,SOFT FINISH,Rolling,BOTH SIDE BRUSHING,CKU-2081,,
CKU,GST SOURCING & EXPORTS,PIYUSH(CKU),,,C-715F(90%POLYESTER 10%SPANDEX),PS,60,160,RFD,RFD,20706,KDC-86,141,,6,MOISTURE WICKING PH MAINTAIN,Rolling,,CKU-2082,,
CKU,GST SOURCING & EXPORTS,PIYUSH(CKU),,,C-715F(90%POLYESTER 10%SPANDEX),PS,60,160,RFD,RFD,20707,KDC-87,353,,15,MOISTURE WICKING PH MAINTAIN,Rolling,,CKU-2083,,
CKU,SAMPLE,PIYUSH(CKU),,,ND-194A,PS,60,290,GREY ,HF-4309,20713,KDC-93,30,,1,SOFT WICKING,Rolling,,CKU-2084,,
GINZA UDHNA,ginza udhna,VIRENDRA,,,TR-508 / PS /85'',PS,58'',110,BOIL + HEAT SET,P H MAINTAIN,20060,45,275,1653,13,soft,kanti,,UDN-287,,
GINZA UDHNA,GOPAL,VIRENDRA,,,TR-515 / ps / 85'',PS,58'',95,BLACK APC ,D-15246,20828,239,172,1203,8,soft,kanti,,UDN-288,,
GINZA UDHNA,GOPAL,VIRENDRA,,,TR-515 / PS / 85'',PS,58'',95,BOIL + HEAT SET,P H MAINTAIN,20829,240,322,2258,15,soft,kanti,,UDN-289,,
GINZA UDHNA,BLUEMOON,KULDEEP,,,S-766A /PS/ 68,PS,56'',-,BLACK,"OPTION ,C",20471,-,266.62,1146.5,14,SOFT,KATI,FINISH QLTY-5.20,UDN-290,,
GINZA UDHNA,GINZA,KULDEEP,,,JL-49A /N/ 66,N,54'',-,B+HEAT SET,REGULAR,20834,-,207.14,1326,12,SOFT,KATI,FINISH QLTY-7.75,UDN-291,,
GINZA UDHNA,GINZA,KULDEEP,,,S-6010 /NS/ 116-PATTI,NS,116-PATTI,-,B+WHITE,REGULAR,20825,-,28.5,97,2,SOFT,KATI,FINISH QLTY-3.70,UDN-292,,
GINZA UDHNA,GINZA,KULDEEP,,,S-986 /NS/ 66,NS,56'',-,APC,AS PER APC,20824,-,73.78,199,4,SOFT,KATI,AS PER LAST,UDN-293,,
GINZA UDHNA,GINZA,KULDEEP,,,JL-224 /N/ 66,N,54'',-,B+HEAT SET,REGULAR,20826,-,98.82,525,5,SOFT,KATI,FINISH QLTY-6.60,UDN-294,,
GINZA UDHNA,GINZA,KULDEEP,,,265 /N/ 100-PATTI,N,100-PATTI,-,WHITE,REGULAR,20827,-,41.2,346,3,HARD,KATI,FINISH QLTY-7.20,UDN-295,,
GINZA UDHNA,MITTAL HOSIERY,KULDEEP,,,A-17A /N/ 62,N,56'',-,OLIVE APC,N-47384,20832,-,20.2,123,1,SOFT,KATI,FINISH QLTY-6.75,UDN-296,,
GINZA UDHNA,PRIYANK,KULDEEP,,,S-963 /PS/ 103,PS,60'',-,SKY ,D-15241,20078,-,187.46,937.5,11,SOFT,KATI,FINISH QLTY-3.75,UDN-297,,
GINZA UDHNA,GINZA,KULDEEP,,,S-6010 /NS/ 116-PATTI,NS,116-PATTI,-,B+WHITE,REGULAR,20822,-,113,384,6,SOFT,KATI,FINISH QLTY-3.70,UDN-298,,
GINZA UDHNA,AAKANKSHA,KULDEEP,,,JL-246 /N/ 64,N,54'',-,CREAM,N-48171,20833,-,102.54,563.5,5,SOFT,KATI,FINISH QLTY-6.50,UDN-299,,
GINZA UDHNA,B.K. ENTERPRISES,ARIK,,,SP-090 / NS / 65,NS,56,156,SKIN,N-36865,20823,234,162.48,650,10,REGULAR,TAKA FORM,"FINISH QULITY 4.5 , TOP MOST URGANT",UDN-300,,
CKU,TAPIO CRATION,PIYUSH(CKU),,,C-761,PS,60,280,OLIVE GREEN,CKU-23517,20458,KDC-46,25,,1,SOFT FINISH,Rolling,,CKU-2085,,
GINZA UDHNA,INTIMATE,SUNIL,,,"A-2103/N/65""",NYLON,"59""",-,V DEEP TAUPE,-,20022,GRP/0007/03/26,35,560,2,REGULAR,-,,UDN-301,,
GINZA UDHNA,N D TEX,SUNIL,,,"A-1448B ORANGE/P/65""",POLY,"63""",130,HEAT SET,-,20830,GRP/0241/03/26,298.2,1491,15,REGULAR,ROLL PACKING,DYED YARN DIRECT HEAT SET,UDN-302,,
GINZA UDHNA,INTIMATE,SUNIL,,,"A-1519B/P/65""",POLY,"58""",-,V MOCHA,-,20030,GRP/0015/03/26,174.9,664.5,5,REGULAR,ROLL PACKING,,UDN-303,,
GINZA UDHNA,INTIMATE,SUNIL,,,"A-2103/N/65""",NYLON,"59""",-,V HEATHER ROSE,-,20024,GRP/0009/03/26,35,560,2,REGULAR,-,,UDN-304,,
GINZA UDHNA,INTIMATE,SUNIL,,,"A-2103/N/65""",NYLON,"59""",-,V WHITE,-,20025,GRP/0010/03/26,34.8,557,2,REGULAR,-,,UDN-305,,
GINZA UDHNA,INTIMATE,SUNIL,,,"A-1519B/P/65""",POLY,"58""",-,V HEATHER ROSE,-,20029,GRP/0014/03/26,177.6,674.5,5,REGULAR,ROLL PACKING,,UDN-306,,
GINZA UDHNA,INTIMATE,SUNIL,,,"A-1519B/P/65""",POLY,"58""",-,V RUBY,-,20031,GRP/0016/03/26,174.1,660.5,5,REGULAR,ROLL PACKING,,UDN-307,,
GINZA UDHNA,INTIMATE,SUNIL,,,"A-1519B/P/65""",POLY,"58""",-,V STEEL GREY MILANGE,-,20032,GRP/0017/03/26,172.7,656.5,5,REGULAR,ROLL PACKING,,UDN-308,,
GINZA UDHNA,INTIMATE,SUNIL,,,"A-1519B/P/65""",POLY,"58""",-,V W SKIN,-,20033,GRP/0018/03/26,174.1,661.5,5,REGULAR,ROLL PACKING,,UDN-309,,
GINZA UDHNA,INTIMATE,SUNIL,,,"A-1519B/P/65""",POLY,"58""",-,V WHITE,-,20034,GRP/0019/03/26,173.7,660,5,REGULAR,ROLL PACKING,,UDN-310,,
GINZA UDHNA,GIL EMB UNIT,SUNIL,,,"A-2001/N/65""",NYLON,"56""",-,BOIL HEAT SET,-,20816,GRP/0227/03/26,170.8,3010,14,REGULAR,TAKA FORM,DELIVERY AT GINZA EMB UNIT,UDN-311,,
GINZA UDHNA,PAGE,SUNIL,,,"A-1519B/P/65""",POLY,"58""",-,V WINDWARD BLUE,D-1203,-,GRP/0247/03/26,20.4,77.5,1,REGULAR,ROLL PACKING,,UDN-312,,
GINZA UDHNA,PAGE,SUNIL,,,"A-2103/N/65""",NYLON,"59""",-,V PEARL BLUSH,N-47725,-,GRP/0250/03/26,4.4,70,1,REGULAR,-,,UDN-313,,
GINZA UDHNA,PAGE,SUNIL,,,"A-2103/N/65""",NYLON,"59""",-,V DUSTY ROSE,N-47791,-,GRP/0251/03/26,4.38,70,1,REGULAR,-,,UDN-314,,
GINZA UDHNA,PAGE,SUNIL,,,"A-2103/N/65""",NYLON,"59""",-,V INFINITY,N-47797,-,GRP/0252/03/26,4.38,70,1,REGULAR,-,,UDN-315,,
GINZA UDHNA,PAGE,SUNIL,,,"A-2103/N/65""",NYLON,"59""",-,V VINEYARD WINE,N-47666,-,GRP/0255/03/26,4.38,70,1,REGULAR,-,,UDN-316,,
GINZA UDHNA,diamond lace,VIRENDRA,,,TR-534 / PS / 85'',PS,58'',95,BLUE,D-15637,20664,208,132,954,3,soft,kanti,URGENT,UDN-317,,
GINZA UDHNA,INTIMATE,SUNIL,,,"A-2103/N/65""",NYLON,"59""",-,V P BLACK,-,20021,GRP/0006/03/26,35.06,561,2,REGULAR,-,,UDN-318,,
GINZA UDHNA,INTIMATE,SUNIL,,,"A-2103/N/65""",NYLON,"59""",-,V W SKIN,-,20023,GRP/0008/03/26,34.8,557,2,REGULAR,-,,UDN-319,,
GINZA UDHNA,ESS KAY,SUNIL,,,"A-1127A/P/65""",POLY,"56""",-,HEAT SET,-,20831,GRP/0242/03/26,137.92,800,7,REGULAR,-,,UDN-320,,
GINZA UDHNA,PAGE,SUNIL,,,"A-1519B/P/65""",POLY,"58""",-,V SILVER BLUE,D-1217,-,GRP/0246/03/26,20.4,77.5,1,REGULAR,ROLL PACKING,,UDN-321,,
GINZA UDHNA,PAGE,SUNIL,,,"A-2103/N/65""",NYLON,"59""",-,V BLUE SURF,N-47803,-,GRP/0253/03/26,4.38,70,1,REGULAR,-,,UDN-322,,
GINZA UDHNA,PAGE,SUNIL,,,"A-2103/N/65""",NYLON,"59""",-,V SILVER BLUE,N-47733,-,GRP/0254/03/26,4.38,70,1,REGULAR,-,,UDN-323,,
CKU,CULTSPORTS/AMBERNATH,PIYUSH(CKU),,,NS-1228A,PS,60,140,MOONLIGHT OCEAN,M-8207,20771,KDC-95,349,,12,SOFT WICKING,Rolling,,CKU-2086,,
CKU,Arcatron Mobility Private Limited (Pune),PIYUSH(CKU),,,ND-130,NS,60,180,Pebble Grey,N-48167,9532 A,-,170,,6,SOFT FINISH,Rolling,,CKU-2087,,
CKU,Arcatron Mobility Private Limited (Pune),PIYUSH(CKU),,,ND-130,NS,60,180,PENDING,PENDING,9532 B,-,167,,6,SOFT FINISH,Rolling,,CKU-2088,,
CKU,FOR MOHIT JI(LMN),PIYUSH(CKU),,,C-656A(100%POLYFILA),P,63,105,BALCK,A-2417,18832,-,26.9,,1,SOFT WICKING,Rolling,,CKU-2089,,
CKU,FOR MOHIT JI(LMN),PIYUSH(CKU),,,C-656A(100%POLYFILA),P,63,105,BLACK,A-2417,19079,-,26.9,,1,SOFT WICKING,Rolling,,CKU-2090,,
CKU,FOR MOHIT JI(LMN),PIYUSH(CKU),,,C-656A(100%POLYFILA),P,63,105,BLACK,A-2417,4492,-,27.1,,1,SOFT WICKING,Rolling,,CKU-2091,,
CKU,FOR MOHIT JI(LMN),PIYUSH(CKU),,,C-656A(100%POLYFILA),P,63,105,BLACK,A-2417,4659,-,27.3,,1,SOFT WICKING,Rolling,,CKU-2092,,
CKU,FOR MOHIT JI(LMN),PIYUSH(CKU),,,C-656A(100%POLYFILA),P,63,105,BLACK,A-2417,6154,-,26.9,,1,SOFT WICKING,Rolling,,CKU-2093,,
CKU,FOR MOHIT JI(LMN),PIYUSH(CKU),,,C-656A(100%POLYFILA),P,63,105,BLACK,A-2417,11410,-,20.9,,1,SOFT WICKING,Rolling,,CKU-2094,,
CKU,FOR MOHIT JI(LMN),PIYUSH(CKU),,,C-656A(100%POLYFILA),P,63,105,BLACK,A-2417,17209,-,24.9,,1,SOFT WICKING,Rolling,,CKU-2095,,
CKU,FOR MOHIT JI(LMN),PIYUSH(CKU),,,C-656A(100%POLYFILA),P,63,105,BLACK,A-2417,17958,-,25,,1,SOFT WICKING,Rolling,,CKU-2096,,
CKU,FOR MOHIT JI(LMN),PIYUSH(CKU),,,C-656A(100%POLYFILA),P,63,105,BLACK,A-2417,19978,-,53.9,,2,SOFT WICKING,Rolling,,CKU-2097,,
CKU,FOR MOHIT JI(LMN),PIYUSH(CKU),,,C-656A(100%POLYFILA),P,63,105,BLACK,A-2417,12522,-,50.7,,2,SOFT WICKING,Rolling,,CKU-2098,,
CKU,FOR MOHIT JI(LMN),PIYUSH(CKU),,,C-656A(100%POLYFILA),P,63,105,BLACK,A-2417,18688,-,50.1,,2,SOFT WICKING,Rolling,,CKU-2099,,
CKU,FOR MOHIT JI(LMN),PIYUSH(CKU),,,C-656A(100%POLYFILA),P,63,105,BLACK,A-2417,1501,-,81.2,,3,SOFT WICKING,Rolling,,CKU-2100,,
CKU,FOR MOHIT JI(LMN),PIYUSH(CKU),,,C-656A(100%POLYFILA),P,63,105,BLACK,A-2417,19499,-,74.9,,3,SOFT WICKING,Rolling,,CKU-2101,,
CKU,CULTSPORTS/AMBERNATH,PIYUSH(CKU),,,NEW DEVELOPMENT-104F,PS,60,150,CHARCOAL GREY,HF-4394,20773,KDC-97,82,,4,SOFT WICKING,Rolling,,CKU-2102,,
CKU,Cultsport Private Limited (Bangalore),PIYUSH(CKU),,,NEW DEVELOPMENT-276A(POLY FILAMENT100%),P,64,135,IRON GATE,HF-3275,20777,KDC-101,178,,7,SOFTWICKING,Rolling,,CKU-2103,,
CKU,Cultsport Private Limited (Bangalore),PIYUSH(CKU),,,NEW DEVELOPMENT-276A(POLY FILAMENT100%),P,64,135,IMPERIAL PALACE,HF-3335,20778,KDC-102,180,,7,SOFTWICKING,Rolling,,CKU-2104,,
CKU,Cultsport Private Limited (Bangalore),PIYUSH(CKU),,,NEW DEVELOPMENT-276A(POLY FILAMENT100%),P,64,135,JET BLACK,HF-3286,20779,KDC-103,180,,7,SOFTWICKING,Rolling,,CKU-2105,,
CKU,CULTSPORTS/AMBERNATH,PIYUSH(CKU),,,C-655F,P,60,150,FROST-GREY,CKU-21348,20781,KDC-105,175,,6,SOFT WICKING,Rolling,,CKU-2106,,
CKU,CULTSPORTS/AMBERNATH,PIYUSH(CKU),,,C-655F,P,60,150,IRON GATE,HF-3467,20782,KDC-106,175,,6,SOFT WICKING,Rolling,,CKU-2107,,
CKU,CULTSPORTS/AMBERNATH,PIYUSH(CKU),,,C-655F,P,60,150,RENAISSANCE ROSE,CKU-21729,20783,KDC-107,175,,6,SOFT WICKING,Rolling,,CKU-2108,,
CKU,CULTSPORTS/AMBERNATH,PIYUSH(CKU),,,C-655F,P,60,150,BLUE INDIGO,HF-2341,20784,KDC-108,175,,6,SOFT WICKING,Rolling,,CKU-2109,,
CKU,CULTSPORTS/AMBERNATH,PIYUSH(CKU),,,C-655F,P,60,150,DAY BREAK,CKU-21363,20785,KDC-109,175,,6,SOFT WICKING,Rolling,,CKU-2110,,
CKU,CULTSPORTS/AMBERNATH,PIYUSH(CKU),,,C-655 BLACK,P,60,150,HEAT SET,RFD,20789,KDC-113,166,,6,SOFT WICKING,Rolling,,CKU-2111,,
CKU,ONBV,PIYUSH(CKU),,,C-920F(82%NYLON 18%SPANDEX),NS,60,200,BLACK,N-20643,20794,KDC-118,199,,8,SOFT FINISH,Rolling,,CKU-2112,,
CKU,Encot Fabrics Pvt Ltd (Boisar),PIYUSH(CKU),,,NEW SAMPLE-489AF(92%POLYFILAMENT 08%SPANDEX),PS,60,210,RFD,RFD,20795,KDC-119,408,,16,HANDFEELSHOULDBEASPERCUTTINGAPC-290403LYINGWITHAJAYMASTER,Rolling,,CKU-2113,,
CKU,Rama Handicrafts (Jaipur),PIYUSH(CKU),,,NEW SAMPLE-709,P,62,160,RFD,RFD,20793,KDC-117,583,,20,SOFT WICKING+PH MAINTAIN,Rolling,,CKU-2114,,
CKU,CULTSPORTS/AMBERNATH,PIYUSH(CKU),,,C-715FA,PS,60,160,BEAUTY BERRY,CKU-22616,20786,KDC-110,71.6,,3,SOFT WICKING  ,Rolling,,CKU-2115,,
CKU,CULTSPORTS/AMBERNATH,PIYUSH(CKU),,,C-715FA,PS,60,160,PARADISE GREEN,CKU-22563,20788,KDC-112,72,,3,SOFT WICKING  ,Rolling,,CKU-2116,,
CKU,CULTSPORTS/AMBERNATH,PIYUSH(CKU),,,C-715FA,PS,60,160,VIOLET TULLE,CKU-23330,20787,KDC-111,71,,3,SOFT WICKING  ,Rolling,,CKU-2117,,
CKU,Cup Couture (Chennai),PIYUSH(CKU),,,C-672,P,64,120,CAFE LATE,CKU-17178,17679  C,KDC-002664,74,,3,SOFTWICKING(EXHAUSTMETHOD)+ANTITHERMAL(DRYNWET),Rolling,,CKU-2118,,
CKU,CULTSPORTS/AMBERNATH,PIYUSH(CKU),,,C-679,P,60,150,BLACK,AS PER LOT NO-8632,20774,KDC-98,84,,4,SOFT WICKING,Rolling,,CKU-2119,,
CKU,CULTSPORTS/AMBERNATH,PIYUSH(CKU),,,C-655F,P,60,150,NAVY,HF-1302,20780,KDC-104,86,,3,SOFT WICKING,Rolling,,CKU-2120,,
CKU,LAJ LIFESTYLE,PIYUSH(CKU),,,NEW SAMPLE-313,PS,60,200,HEAT SET,RFD,20790,KDC-114,366,,15,SOFT FINISH+PH MAINTAIN,Rolling,,CKU-2121,,
CKU,LAJ LIFESTYLE,PIYUSH(CKU),,,NEW SAMPLE-313,PS,60,200,HEAT SET,RFD,20791,KDC-115,168,,7,SOFT FINISH+PH MAINTAIN,Rolling,,CKU-2122,,
cku,AARKS KRISHAW,PIYUSH(CKU),,,C-735A BLACK,PS,60,250,RFD,RFD,20792,KDC-116,203,,8,SOFT WICKING  ,Rolling,,CKU-2123,,
GINZA UDHNA,B . K. ENT,VIRENDRA,,,L-92B / NS /130'',NS,58'',320,NUDE,AS PER CUTTING,20743,219,101,192,3,FINISH STD,kanti,COL. CUTTING rajesh master ke pass,UDN-324,,
GINZA UDHNA,B . K. ENT,VIRENDRA,,,L-92B / NS /130'',NS,58'',320,ONION ,AS PER CUTTING,20746,222,103,196,3,FINISH STD,kanti,COL. CUTTING rajesh master ke pass,UDN-325,,
GINZA UDHNA,B . K. ENT,VIRENDRA,,,L-92B / NS /130'',NS,58'',320,LIGHT WINE ,AS PER CUTTING,20744,220,103,196,3,FINISH STD,kanti,COL. CUTTING rajesh master ke pass,UDN-326,,
GINZA UDHNA,B . K. ENT,VIRENDRA,,,L-92B / NS /130'',NS,58'',320,LIGHT GREY,AS PER CUTTING,20745,221,104,197,3,FINISH STD,kanti,COL. CUTTING rajesh master ke pass,UDN-327,,
GINZA UDHNA,B . K. ENT,VIRENDRA,,,L-92B / NS /130'',NS,58'',320,WHITE,AS PER CUTTING,20747,223,97,184,3,FINISH STD,kanti,COL. CUTTING rajesh master ke pass,UDN-328,,
GINZA UDHNA,B . K. ENT,VIRENDRA,,,L-92B / NS /130'',NS,58'',320,BLACK,AS PER CUTTING,20748,224,105,199,3,FINISH STD,kanti,COL. CUTTING rajesh master ke pass,UDN-329,,
GINZA UDHNA,B.K. ENTERPRISES,ARIK,,,SP-090 / NS / 65,NS,56,156,PEACH,N-36859,20940,262,161.94,648.5,10,REGULAR,TAKA FORM,"FINISH QULITY 4.5 , TOP MOST URGANT",UDN-330,,
GINZA UDHNA,B.K. ENTERPRISES,ARIK,,,SP-090 / NS / 65,NS,56,156,PEACH,N-36859,20952,274,110.5,442,6,REGULAR,TAKA FORM,"FINISH QULITY 4.5 , TOP MOST URGANT",UDN-331,,
GINZA UDHNA,SYNTHETICS CORPORATION,ARIK,,,RS-9377 / P / 43,P,66,127,BOIL HEAT SET,PH MAINTEN,20941,263,101.42,507.5,6,REGULAR,TAKA FORM,"FINISH QULITY 4.7 , PH MAINTEN",UDN-332,,
GINZA UDHNA,B.K. ENTERPRISES,ARIK,,,SP-090 / NS / 65,NS,56,156,SKIN,N-36865,20951,273,110.36,442,7,REGULAR,TAKA FORM,"FINISH QULITY 4.5 , TOP MOST URGANT",UDN-333,,
CKU,CULTSPORTS/AMBERNATH,PIYUSH(CKU),,,C-715FA,PS,60,160,BEAUTY BERRY,CKU-22616,17473,K-02621,74.9,,3,SOFT WICKING,Rolling,,CKU-1690,,
GINZA UDHNA,ginza udhna,VIRENDRA,,,TR-8 LIGHT / NS / 85'',NS,58'',80,WHITE,Regular,20960,283,297,2228,15,soft,kanti,,UDN-334,,
GINZA UDHNA,HARPA RETAIL,VIRENDRA,,,TR-508 / PS /85'',PS,58'',110,YELLOW,D-13685,20958,281,145,870,7,soft,kanti,,UDN-335,,
GINZA UDHNA,ginza udhna,VIRENDRA,,,L-75 / NS /130'',NS,58'',165,WHITE,Regular,20955,277,118,332,3,soft,kanti,,UDN-336,,
GINZA UDHNA,ginza udhna,VIRENDRA,,,L-75 / NS /130'',NS,58'',165,WHITE,Regular,20953,275,161,451,4,soft,kanti,,UDN-337,,
GINZA UDHNA,ginza udhna,VIRENDRA,,,L-75 / NS /130'',NS,58'',165,WHITE,Regular,20954,276,251,705,7,soft,kanti,,UDN-338,,
GINZA UDHNA,ginza udhna,VIRENDRA,,,L-75 / NS /130'',NS,58'',165,WHITE,Regular,20956,278,315,885,8,soft,kanti,,UDN-339,,
GINZA UDHNA,HARPA RETAIL,VIRENDRA,,,TR-508 / PS /85'',PS,58'',110,RED APC,D-13710,20959,282,147,886,7,soft,kanti,,UDN-340,,
GINZA UDHNA,RSRL,KULDEEP,,,JL-05A /N/ 66,N,56'',-,BLACK,REGULAR,20949,-,54.4,353.5,3,SOFT,KATI,FINISH QLTY-6.50-7,UDN-341,,
GINZA UDHNA,BLUEMOON,KULDEEP,,,S-766A /PS/ 68,PS,56'',-,BLACK,"OPTION ,C",20947,-,143.32,616.5,7,SOFT,KATI,FINISH QLTY-5.20,UDN-342,,
GINZA UDHNA,GINZA,KULDEEP,,,135 /N/ 38 PATTI,N,38-PATTI,-,BLACK,REGULAR,20938,-,65.32,594,5,HARD,KATI,FINISH QLTY-10,UDN-343,,
GINZA UDHNA,PRIYANK,KULDEEP,,,S-963 /PS/ 103,PS,60'',-,PINK,AS PER CUTTING,20939,-,195,975,11,SOFT,KATI,FINIHS QLTY-3.75-OLD LOT 10291-10292,UDN-344,,
GINZA UDHNA,RSRL,KULDEEP,,,JL-05A /N/ 66,N,56'',-,WHITE,REGULAR,20948,-,109.3,711,6,SOFT,KATI,FINISH QLTY-6.50-7,UDN-345,,
GINZA UDHNA,PAGE,SUNIL,,,"A-2103/N/65""",NYLON,"59""",-,V W SKIN,-,19273,GRP/0343/02/26,17.5,280,1,REGULAR,-,,UDN-346,,
GINZA UDHNA,PAGE,SUNIL,,,"A-2103/N/65""",NYLON,"59""",-,V P BLACK,-,20027,GRP/0012/03/26,35,560,2,REGULAR,-,,UDN-347,,
GINZA UDHNA,TORAM,SUNIL,,,"A-1511/P/65""",POLY,"56""",-,NAVY,HF-2722,-,GRP/0298/03/26,325.5,1952.5,13,REGULAR,ROLL PACKING,,UDN-348,,
GINZA UDHNA,GIL EMB UNIT,SUNIL,,,"A-2001/N/65""",NYLON,"56""",-,BOIL HEAT SET,-,20943,GRP/0265/03/26,126.7,2229,9,REGULAR,TAKA FORM,DELIVERY AT GINZA EMB UNIT,UDN-349,,
GINZA UDHNA,TORAM,SUNIL,,,"A-1511/P/65""",POLY,"56""",-,GREY,D-14651,-,GRP/0296/03/26,305.3,1830.5,13,REGULAR,ROLL PACKING,,UDN-350,,
GINZA UDHNA,B K ENT.,SUNIL,,,"A-2139B/N/85""",NYLON,"66""",-,HEAT SET,-,-,GRP/0299/03/26,180.12,576.5,5,REGULAR,-,,UDN-351,,
GINZA UDHNA,PAGE,SUNIL,,,"A-2103/N/65""",NYLON,"59""",-,V P BLACK,-,20026,GRP/0011/03/26,35.4,566,2,REGULAR,-,,UDN-352,,
GINZA UDHNA,PAGE,SUNIL,,,"A-2103/N/65""",NYLON,"59""",-,JET BLACK,-,20028,GRP/0013/03/26,35.1,561.5,2,REGULAR,-,,UDN-353,,
GINZA UDHNA,BODY CARE,SUNIL,,,"A-2001/N/65""",NYLON,"56""",-,WHITE,-,20944,GRP/0266/03/26,174.2,3064,12,REGULAR,ROLL PACKING,,UDN-354,,
GINZA UDHNA,PRAMOD,SUNIL,,,"A-1129A/P/65""",POLY,"56""",-,NAVY BLUE,APC,20950,GRP/0272/03/26,74.7,820.5,6,PRMOD,100 MTR ROLL PACKING,COLOUR CUUTING SEND TO URVISH BHAI,UDN-355,,
GINZA UDHNA,FANTAL,SUNIL,,,"A-1105/P/85""",POLY,"36+36""",-,YELLOW,D-15628,-,GRP/0284/03/26,213.04,2343.5,10,APC,-,URGENT PROGRAMME AS PER TALK WITH  RITESH JI,UDN-356,,
GINZA UDHNA,FANTAL,SUNIL,,,"A-1105/P/85""",POLY,"36+36""",-,YELLOW,D-15628,-,GRP/0285/03/26,237.1,2607,10,APC,-,URGENT PROGRAMME AS PER TALK WITH  RITESH JI,UDN-357,,
GINZA UDHNA,TORAM,SUNIL,,,"A-1511/P/65""",POLY,"56""",-,BLACK,HF-2730,-,GRP/0290/03/26,328.9,1970,14,REGULAR,ROLL PACKING,,UDN-358,,
GINZA UDHNA,TORAM,SUNIL,,,"A-1511/P/65""",POLY,"56""",-,GREY,D-14651,-,GRP/0291/03/26,320.5,1919,13,REGULAR,ROLL PACKING,,UDN-359,,
GINZA UDHNA,TORAM,SUNIL,,,"A-1511/P/65""",POLY,"56""",-,NAVY,HF-2722,-,GRP/0292/03/26,157.4,944.5,7,REGULAR,ROLL PACKING,,UDN-360,,
GINZA UDHNA,TORAM,SUNIL,,,"A-1511/P/65""",POLY,"56""",-,BLACK,HF-2730,-,GRP/0293/03/26,300.1,1800,13,REGULAR,ROLL PACKING,,UDN-361,,
GINZA UDHNA,TORAM,SUNIL,,,"A-1511/P/65""",POLY,"56""",-,NAVY,HF-2722,-,GRP/0294/03/26,163.4,980.5,7,REGULAR,ROLL PACKING,,UDN-362,,
GINZA UDHNA,TORAM,SUNIL,,,"A-1511/P/65""",POLY,"56""",-,BEIGE,D-14661,-,GRP/0295/03/26,209.9,1259,9,REGULAR,ROLL PACKING,,UDN-363,,
GINZA UDHNA,TORAM,SUNIL,,,"A-1511/P/65""",POLY,"56""",-,GREY,D-14651,-,GRP/0297/03/26,304.5,1826.5,13,REGULAR,ROLL PACKING,,UDN-364,,
CKU,B.K. Enterprises (Delhi),PIYUSH(CKU),,,C-222A (90%MICROMODAL 10%SPANDEX),CS,72,200,EVENING BLUE,CL-41302,20857,KDC-136,187,,8,SILICON FINISH,Rolling,,CKU-2124,,
CKU,Cup Couture (Chennai),PIYUSH(CKU),,,C-656A(100%POLYFILA),P,63,105,v grey ridge,CKU-18396,20858,KDC-137,350,,14,SOFTWICKING(EXHAUSTMETHOD)+ANTITHERMAL(DRYNWET),Rolling,,CKU-2125,,
CKU,Makhija Brothers (Amardham),PIYUSH(CKU),,,C-917A,NS ,60,150,DUSKY,N-42415,20859,KDC-138,359,,13,SOFT FINISH,Rolling,,CKU-2126,,
CKU,Makhija Brothers (Amardham),PIYUSH(CKU),,,C-917A,NS,60,150,DUSKY,N-42415,20860,KDC-139,178,,7,SOFT FINISH,Rolling,,CKU-2127,,
CKU,TORAM CREATORS PRIVATE LIMITED. (MADURAI),PIYUSH(CKU),,,NEW DEVELOPMENT-215C(Polyester100%),P,65,165,GREY,CKU-21540,20861,KDC-140,386,,14,EXTRA SOFT FINISH,Rolling,,CKU-2128,,
CKU,TORAM CREATORS PRIVATE LIMITED. (MADURAI),PIYUSH(CKU),,,NEW DEVELOPMENT-215C(Polyester100%),P,65,165,GREY,CKU-21540,20862,KDC-141,393,,14,EXTRA SOFT FINISH,Rolling,,CKU-2129,,
CKU,TORAM CREATORS PRIVATE LIMITED. (MADURAI),PIYUSH(CKU),,,NEW DEVELOPMENT-215C(Polyester100%),P,65,165,GREY,CKU-21540,20863,KDC-142,389,,14,EXTRA SOFT FINISH,Rolling,,CKU-2130,,
CKU,TORAM CREATORS PRIVATE LIMITED. (MADURAI),PIYUSH(CKU),,,NEW DEVELOPMENT-215C(Polyester100%),P,65,165,GREY,CKU-21540,20864,KDC-143,390,,14,EXTRA SOFT FINISH,Rolling,,CKU-2131,,
CKU,TORAM CREATORS PRIVATE LIMITED. (MADURAI),PIYUSH(CKU),,,NEW DEVELOPMENT-215C(Polyester100%),P,65,165,GREY,CKU-21540,20865,KDC-144,386,,14,EXTRA SOFT FINISH,Rolling,,CKU-2132,,
CKU,TORAM CREATORS PRIVATE LIMITED. (MADURAI),PIYUSH(CKU),,,NEW DEVELOPMENT-215C(Polyester100%),P,65,165,GREY,CKU-21540,20866,KDC-145,391,,14,EXTRA SOFT FINISH,Rolling,,CKU-2133,,
CKU,Laj Lifestyle Pvt Ltd (Noida),PIYUSH(CKU),,,C-655,P,60,150,RFD,RFD,20867,KDC-146,361,,12,SOFT WICKING+PH MAINTAIN,Rolling,,CKU-2134,,
CKU,Laj Lifestyle Pvt Ltd (Noida),PIYUSH(CKU),,,C-655,P,60,150,RFD,RFD,20868,KDC-147,359,,13,SOFT WICKING+PH MAINTAIN,Rolling,,CKU-2135,,
CKU,Laj Lifestyle Pvt Ltd (Noida),PIYUSH(CKU),,,C-655,P,60,150,RFD,RFD,20869,KDC-148,354,,13,SOFT WICKING+PH MAINTAIN,Rolling,,CKU-2136,,
CKU,Laj Lifestyle Pvt Ltd (Noida),PIYUSH(CKU),,,C-655,P,60,150,RFD,RFD,20870,KDC-149,353,,14,SOFT WICKING+PH MAINTAIN,Rolling,,CKU-2137,,
CKU,Ampio Industries Llp (Bhiwandi),PIYUSH(CKU),,,NEW SAMPLE-683A,P,65,125,AMPIO SKIN,A-1060,17375 A,KDC-29,165,,7,SOFT WICKING (EXHAUST METHOD)+ANTITHERMAL (DRY N WET),Rolling,,CKU-2138,,
CKU,Ampio Industries Llp (Bhiwandi),PIYUSH(CKU),,,NEW SAMPLE-683A,P,65,125,AMPIO PURPLE,"APC, CONFRIM WITH MAYUR",17375 B,KDC-29,165,,7,SOFT WICKING (EXHAUST METHOD)+ANTITHERMAL (DRY N WET),Rolling,,CKU-2139,,
CKU,PAGE INDUSTRIES,PIYUSH(CKU),,,NS-1228A,PS,60,140,V J ROSE,P-102,20907,KDC-150,150.8,,5,SOFT WICKING(EXHAUST METHOD),Rolling,,CKU-2140,,
CKU,SAMPLE,PIYUSH(CKU),,,ND-295,PS,60-65,OPEN,NAVY,-,20911,KDC-154,20.8,,1,SOFT FINISH,Rolling,,CKU-2141,,
CKU,Silvertraq International Private Limited (Tirupur),PIYUSH(CKU),,,C-735FKG,PS,60,260,IRON GATE,HF-4040,20912,KDC-155,201.8,,8,SOFT WICKING(EXHAUST METHOD)+ANTIMICROBIAL,Rolling,,CKU-2142,,
CKU,Silvertraq International Private Limited (Tirupur),PIYUSH(CKU),,,C-735FKG,PS,60,260,MOUVE,CKU-22998,20913,KDC-156,76,,3,SOFT WICKING(EXHAUST METHOD)+ANTIMICROBIAL,Rolling,,CKU-2143,,
CKU,B.K ENTERPRISES,PIYUSH(CKU),,,NEW SAMPLE-1450A,CS,72,160,CREPE,CL-31727,20919,KDC-162,395.1,,14,EXTRA SOFT FINISH,Rolling,,CKU-2144,,
CKU,Rama Handicrafts (Jaipur),PIYUSH(CKU),,,NS-709,P,62,160,RFD,RFD,20998,KDC-167,414,,14,SOFT WICKING+PH MAINTAIN,Rolling,,CKU-2145,,
CKU,Encot Fabrics Pvt Ltd (Boisar),PIYUSH(CKU),,,NEW SAMPLE-489AF(92%POLYFILAMENT 08%SPANDEX),PS,60,210,RFD,RFD,21000,KDC-169,380,,15,HANDFEELSHOULDBEASPERCUTTINGAPC-290403LYINGWITHAJAYMASTER,Rolling,,CKU-2146,,
CKU,Ampio Industries Llp (Bhiwandi),PIYUSH(CKU),,,NS-683 BLACK,P,65,125,RFD,RFD,21001,KDC-170,179,,7,SOFTWICKING,Rolling,,CKU-2147,,
CKU,Ampio Industries Llp (Bhiwandi),PIYUSH(CKU),,,NS-683 BLACK,P,65,125,RFD,RFD,21002,KDC-171,374,,15,SOFTWICKING,Rolling,,CKU-2148,,
CKU,SAMPLE,PIYUSH(CKU),,,ND-295A,P,60-70,180,ANY,-,21004,KDC-173,25,,1,SOFT FINISH,Rolling,,CKU-2149,,
CKU,SAMPLE,PIYUSH(CKU),,,ND-295B,P,60-70,220,ANY,-,21005,KDC-174,28,,1,SOFT FINISH,Rolling,,CKU-2150,,
CKU,CUP COUTURE (CHENNAI),PIYUSH(CKU),,,C-672,P,64,120,NATUERAL,M-8424,21006,KDC-175,170,,7,SOFTWICKING(EXHAUSTMETHOD)+ANTITHERMAL(DRYNWET),Rolling,,CKU-2151,,
CKU,CUP COUTURE (CHENNAI),PIYUSH(CKU),,,C-672,P,64,120,M BLACK,M-2780,21007,KDC-176,341,,14,SOFTWICKING(EXHAUSTMETHOD)+ANTITHERMAL(DRYNWET),Rolling,,CKU-2152,,
CKU,CUP COUTURE (CHENNAI),PIYUSH(CKU),,,C-672,P,64,120,M BLACK,M-2780,21008,KDC-177,341,,14,SOFTWICKING(EXHAUSTMETHOD)+ANTITHERMAL(DRYNWET),Rolling,,CKU-2153,,
CKU,Makhija Brothers (Amardham),PIYUSH(CKU),,,C-917A,NS ,60,150,DUSKY,N-42415,21009,KDC-178,176,,7,SOFT FINISH,Rolling,,CKU-2154,,
CKU,Makhija Brothers (Amardham),PIYUSH(CKU),,,C-917A,NS ,60,150,DUSKY,N-42415,21010,KDC-179,366,,14,SOFT FINISH,Rolling,,CKU-2155,,
GINZA UDHNA,ginza udhna,VIRENDRA,,,L-86 / NS / 130'',NS,58'',180,WHITE,Regular,20053,38,157,442,4,soft,kanti,LAST TIME GSM HEAVY ,UDN-365,,
GINZA UDHNA,ginza udhna,VIRENDRA,,,TR-1 / NS / 85'',NS,58'',130,BOIL + HEAT SET,Regular,20460,141,156,783,7,soft,kanti,,UDN-366,,
GINZA UDHNA,INTIMATE,VIRENDRA,,,TR-1 / NS / 85'',NS,58'',130,V ANGEL FALLS,OLD LOT 14751,20460,141,25.8,129,1,JOCKEY FINISH,Roll,MOST URGENT,UDN-367,,
GINZA UDHNA,INTIMATE,VIRENDRA,,,TR-1 / NS / 85'',NS,58'',130,V ANGEL FALLS,OLD LOT 14751,21072,320,102,513,4,JOCKEY FINISH,Roll,MOST URGENT,UDN-368,,
GINZA UDHNA,PROTECH,VIRENDRA,,,L-3032 / PS / 130'',PS,58'',250,SKY BLUE,D.-9103 Old lot 17665,20463,144,202,465,5,soft,Roll,most urgent,UDN-369,,
GINZA UDHNA,,EXTERNAL,,,A-1599E/P-72	,PP,60,170,CHAMPAGNE,G-4071 KHATA	,20487,,330,,10,ROLLING,Rolling,,ORD-22746,,
GINZA UDHNA,,EXTERNAL,,,A-1599E/P-72	,PP,60,170,CHAMPAGNE,G-4071 KHATA	,20487,,330,,10,ROLLING,Rolling,,ORD-22746,,
GINZA UDHNA,GST GARMENT,KULDEEP,,,A-512 /N/ 66,N,56'',-,RED,N-48641,20667,-,66.22,515.5,4,SOFT,KATI,FINISH QLTY-7.80,UDN-370,,
GINZA UDHNA,GINZA,KULDEEP,,,167 /N/ 38 PATTI,N,38 PATTI,-,WHITE,REGULAR,20988,-,186,1506.5,12,HARD,KATI,FINISH QLYT-7.80-8.20,UDN-371,,
GINZA UDHNA,GINZA INDUSTRIES LTD. (SAC)	,EXTERNAL,,P-5686-A,A-1599E/P-72	,PP,60,170,CHAMPAGNE,G-4071 KHATA	,20487,,264,984,8,AS/LAST ROLLING,Rolling,,ORD-22748,,
GINZA UDHNA,GINZA INDUSTRIES LTD. (SAC)	,EXTERNAL,,P-5686-A,A-1599E/P-72	,PP,60,170,CHAMPAGNE,G-4071 KHATA	,21019,,67.2,238,2,AS/LAST ROLLING,Rolling,,ORD-22749,,
GINZA UDHNA,GINZA INDUSTRIES LTD. (SAC)	,EXTERNAL,,P-5686-B,A-1599E/P-72	,PP,60,170,CHAMPAGNE,G-4071 KHATA	,21019,,336,1190,10,AS/LAST ROLLING,Rolling,,ORD-22750,,
GINZA UDHNA,GINZA INDUSTRIES LTD. (SAC)	,EXTERNAL,,P-5686-C,A-1599E/P-72	,PP,60,170,CHAMPAGNE,G-4071 KHATA	,21019,,336,1190,10,AS/LAST ROLLING,Rolling,,ORD-22751,,
GINZA UDHNA,GINZA INDUSTRIES LTD. (SAC)	,EXTERNAL,,P-5686-D,A-1599E/P-72	,PP,60,170,CHAMPAGNE,G-4071 KHATA	,21019,,336,1190,10,AS/LAST ROLLING,Rolling,,ORD-22752,,
GINZA UDHNA,GINZA INDUSTRIES LTD. (SAC)	,EXTERNAL,,P-5686-E,A-1599E/P-72	,PP,60,170,CHAMPAGNE,G-4071 KHATA	,21019,,336,1190,10,AS/LAST ROLLING,Rolling,,ORD-22753,,
GINZA UDHNA,GINZA INDUSTRIES LTD. (SAC)	,EXTERNAL,,P-5686-F,A-1599E/P-72	,PP,60,170,CHAMPAGNE,G-4071 KHATA	,21019,,100.8,357,3,AS/LAST ROLLING,Rolling,,ORD-22754,,
GINZA UDHNA,GINZA INDUSTRIES LTD. (SAC)	,EXTERNAL,,P-5686-F,A-1599E/P-72(PCS NO:-1 TO 7),PP,60,170,CHAMPAGNE,G-4071 KHATA	,20674,,230,840,7,AS/LAST ROLLING,Rolling,PCS NO:-1 TO 7,ORD-22755,,
GINZA UDHNA,GINZA INDUSTRIES LTD. (SAC)	,EXTERNAL,,P-5686-G,A-1599E/P-72(PCS NO:-19 TO 28),PP,60,170,CHAMPAGNE,G-4071 KHATA	,20674,,335,1222,10,AS/LAST ROLLING,Rolling,PCS NO:-19 TO 28,ORD-22756,,
GINZA UDHNA,GINZA INDUSTRIES LTD. (SAC)	,EXTERNAL,,P-5686-H,A-1599E/P-72(PCS NO:-40 TO 49),PP,60,170,CHAMPAGNE,G-4071 KHATA	,20674,,323,1177,10,AS/LAST ROLLING,Rolling,PCS NO:-40 TO 49,ORD-22757,,
GINZA UDHNA,GINZA INDUSTRIES LTD. (SAC)	,EXTERNAL,,P-5686-I,A-1599E/P-72(PCS NO:-50 TO 59),PP,60,170,CHAMPAGNE,G-4071 KHATA	,20674,,317,1155,10,AS/LAST ROLLING,Rolling,PCS NO:-50 TO 59,ORD-22758,,
GINZA UDHNA,GINZA INDUSTRIES LTD. (SAC)	,EXTERNAL,,P-5686-J,"A-1599E/P-72(PCS NO:-8,9,13,14,15,16,17,18,29,30)",PP,60,170,CHAMPAGNE,G-4071 KHATA	,20674,,330,1201,10,AS/LAST ROLLING,Rolling,"PCS NO:-8,9,13,14,15,16,17,18,29,30",ORD-22759,,
GINZA UDHNA,GINZA INDUSTRIES LTD. (SAC)	,EXTERNAL,,P-5686-K,"A-1599E/P-72(PCS NO:-31 TO 39 AND 10,11,12)",PP,60,170,CHAMPAGNE,G-4071 KHATA	,20674,,342,1242,12,AS/LAST ROLLING,Rolling,"PCS NO:-31 TO 39 AND 10,11,12",ORD-22760,,
GINZA UDHNA,GINZA INDUSTRIES LTD. (SAC)	,EXTERNAL,,P-5686-L,"A-1599E/P-72( PCS NO:-1,2,3 AND 10 TO 16)",PP,60,170,CHAMPAGNE,G-4071 KHATA	,20962,,333,1213,10,AS/LAST ROLLING,Rolling,"PCS NO:-1,2,3 AND 10 TO 16",ORD-22761,,
GINZA UDHNA,GINZA INDUSTRIES LTD. (SAC)	,EXTERNAL,,P-5686-M,A-1599E/P-72( PCS NO:-17 TO 26),PP,60,170,CHAMPAGNE,G-4071 KHATA	,20962,,333,1213,10,AS/LAST ROLLING,Rolling,PCS NO:-17 TO 26,ORD-22762,,
GINZA UDHNA,GINZA INDUSTRIES LTD. (SAC)	,EXTERNAL,,P-5686-N,A-1599E/P-72( PCS NO:-27 TO 36),PP,60,170,CHAMPAGNE,G-4071 KHATA	,20962,,335,1224,10,AS/LAST ROLLING,Rolling,PCS NO:-27 TO 36,ORD-22763,,
GINZA UDHNA,GINZA INDUSTRIES LTD. (SAC)	,EXTERNAL,,P-5686-O,A-1599E/P-72( PCS NO:-37 TO 46),PP,60,170,CHAMPAGNE,G-4071 KHATA	,20962,,327,1194,10,AS/LAST ROLLING,Rolling,PCS NO:-37 TO 46,ORD-22764,,
GINZA UDHNA,GINZA INDUSTRIES LTD. (SAC)	,EXTERNAL,,P-5686-P,"A-1599E/P-72( PCS NO:-47 TO 54 AND 4,5)",PP,60,170,CHAMPAGNE,G-4071 KHATA	,20962,,320,1165,10,AS/LAST ROLLING,Rolling,"PCS NO:-47 TO 54 AND 4,5",ORD-22765,,
GINZA UDHNA,RICAMO,VIRENDRA,,,TR-1 / NS / 85'',NS,58'',130,BLACK,Regular,21078,326,309,1546,12,RICAMO STD ,kanti,,UDN-372,,
GINZA UDHNA,RICAMO,VIRENDRA,,,TR-1 / NS / 85'',NS,58'',130,BLACK,Regular,21077,325,307,1537,12,RICAMO STD ,kanti,,UDN-373,,
GINZA UDHNA,MAKHIJA,SUNIL,,,"A-2001/N/65""",NYLON,"56""",-,BLACK,-,16097,GRP/0415/12/25,53.8,946.5,4,REGULAR,ROLL PACKING,,UDN-374,,
GINZA UDHNA,MAKHIJA,SUNIL,,,"A-2001/N/65""",NYLON,"56""",-,BLACK,-,17190,GRP/0234/01/26,16.8,295.5,1,REGULAR,TAKA FORM,,UDN-375,,
GINZA UDHNA,SOUMYA,SUNIL,,,"A-1105/P/65""",POLY,"56""",-,MAROON,D-15624,19086,GRP/0282/02/26,137.06,1987,11,REGULAR,-,,UDN-376,,
GINZA UDHNA,SOUMYA,SUNIL,,,"A-1105/P/65""",POLY,"56""",-,BOIL HEAT SET,-,19086,GRP/0282/02/26,38.9,564,3,REGULAR,-,BOIL HEAT SET WITH PH MAINTAIN FOR PRINT USE,UDN-377,,
GINZA UDHNA,INTIMATE,SUNIL,,,"A-2103/N/65""",NYLON,"59""",-,V DEEP TAUPE,-,21062,GRP/0310/03/26,34.6,554,2,REGULAR,-,,UDN-378,,
GINZA UDHNA,PAGE,SUNIL,,,"A-2103/N/65""",NYLON,"59""",-,V W SKIN,-,21058,GRP/0306/03/26,34.6,554,2,REGULAR,-,,UDN-379,,
GINZA UDHNA,INTIMATE,SUNIL,,,"A-2103/N/65""",NYLON,"59""",-,V CANDLE LIGHT PEACH,-,21061,GRP/0309/03/26,34.6,554,2,REGULAR,-,,UDN-380,,
GINZA UDHNA,INTIMATE,SUNIL,,,"A-2103/N/65""",NYLON,"59""",-,V NEW STILL GREY MILANGE,-,21063,GRP/0311/03/26,34.4,550.5,2,REGULAR,-,,UDN-381,,
GINZA UDHNA,PAGE,SUNIL,,,"A-1519B/P/65""",POLY,"58""",-,V SEA FOG,D-1206,20926,GRP/0248/03/26,20.4,77,1,REGULAR,ROLL PACKING,NEED BLUER ,UDN-382,,
GINZA UDHNA,REGULAR,SUNIL,,,"A-2081F/N/65""",NYLON,"56""",-,HEAT SET,-,21052,GRP/0300/03/26,112.76,2144.5,8,REGULAR,-,,UDN-383,,
GINZA UDHNA,MAKHIJA,SUNIL,,,"A-2033/N/65""",NYLON,"56""",-,WHITE,-,21053,GRP/0301/03/26,277.07,2355.5,19,REGULAR,-,,UDN-384,,
GINZA UDHNA,MITTAL,SUNIL,,,"A-2162A/N/65""",NYLON,"60""",-,WHITE,-,21054,GRP/0302/03/26,411.6,5147.5,23,REGULAR,-,,UDN-385,,
GINZA UDHNA,PAGE,SUNIL,,,"A-2103/N/65""",NYLON,"59""",-,V W SKIN,-,21055,GRP/0303/03/26,34.8,557,2,REGULAR,-,,UDN-386,,
GINZA UDHNA,PAGE,SUNIL,,,"A-2103/N/65""",NYLON,"59""",-,V W SKIN,-,21056,GRP/0304/03/26,34.7,555.5,2,REGULAR,-,,UDN-387,,
GINZA UDHNA,PAGE,SUNIL,,,"A-2103/N/65""",NYLON,"59""",-,V W SKIN,-,21057,GRP/0305/03/26,34.4,550.5,2,REGULAR,-,,UDN-388,,
GINZA UDHNA,PAGE,SUNIL,,,"A-2103/N/65""",NYLON,"59""",-,V W SKIN,-,21059,GRP/0307/03/26,34.4,550.5,2,REGULAR,-,,UDN-389,,
GINZA UDHNA,INTIMATE,SUNIL,,,"A-2103/N/65""",NYLON,"59""",-,V BEET RED,-,21060,GRP/0308/03/26,34.2,548.5,2,REGULAR,-,,UDN-390,,
GINZA UDHNA,INTIMATE,SUNIL,,,"A-2103/N/65""",NYLON,"59""",-,V P BLACK,-,21064,GRP/0312/03/26,34.6,554,2,REGULAR,-,,UDN-391,,
GINZA UDHNA,K G SPORTS,VIRENDRA,,,L-3054 / PS / 130'',PS,58'',220-225,BLACK APC ,OLD LOT 14441/2024,20742,218,214,493,5,STD CUTTING FINISH,Roll,CIL CUTTING SEND FOR MATCHING,UDN-392,,
GINZA UDHNA,B.K. ENTERPRISES,ARIK,,,L-101B / NS / 65,NS,44,162,NUDE,"MIX AND MACH L-92B , APC CUTTING RAJESH MASTER KE PASS HAI",20821,232,75.26,451.5,5,REGULAR,TAKA FORM,"FINISH QULITY 5.5 , APC CUTTING RAJESH MASTER KE PASS HAI , MIX AND MACH L-92B",UDN-393,,
GINZA UDHNA,B.K. ENTERPRISES,ARIK,,,L-101B / NS / 65,NS,44,162,LIGHT WINE,"MIX AND MACH L-92B , APC CUTTING RAJESH MASTER KE PASS HAI",20820,231,75.32,452,5,REGULAR,TAKA FORM,"FINISH QULITY 5.5 , APC CUTTING RAJESH MASTER KE PASS HAI , MIX AND MACH L-92B",UDN-394,,
GINZA UDHNA,B.K. ENTERPRISES,ARIK,,,L-101B / NS / 65,NS,44,162,ONION,"MIX AND MACH L-92B , APC CUTTING RAJESH MASTER KE PASS HAI",20818,229,57,342.5,4,REGULAR,TAKA FORM,"FINISH QULITY 5.5 , APC CUTTING RAJESH MASTER KE PASS HAI , MIX AND MACH L-92B",UDN-395,,
GINZA UDHNA,B.K. ENTERPRISES,ARIK,,,L-101B / NS / 65,NS,44,162,LIGHT GREY,"MIX AND MACH L-92B , APC CUTTING RAJESH MASTER KE PASS HAI",20819,230,39.38,236,3,REGULAR,TAKA FORM,"FINISH QULITY 5.5 , APC CUTTING RAJESH MASTER KE PASS HAI , MIX AND MACH L-92B",UDN-396,,
GINZA UDHNA,GINZA,KULDEEP,,,108ZA /N/ 24 PATTI,N,24 PATTI,-,WHITE,REGULAR,21134,-,1072.5,71.5,9,HARD,KATI,FINISH QLTY-14,UDN-397,,
GINZA UDHNA,GINZA,KULDEEP,,,S-914A /NS/ 66,NS,56'',-,WHITE,REGULAR,21133,-,179,821.5,12,SOFT,KATI,FINISH QLTY-5.80,UDN-398,,
GINZA UDHNA,GINZA,KULDEEP,,,S-529 /N/ 66,N,54'',-,WHITE,REGULAR,21132,-,115.56,503.5,7,SOFT,KATI,FINISH QLTY-5.20,UDN-399,,
CKU,Cup Couture (Chennai),PIYUSH(CKU),,,C-656A(100%POLYFILA),P,63,105,MOCHA,M-5170,1590,KDC-230,348,,13,SOFTWICKING(EXHAUSTMETHOD)+ANTITHERMAL(DRYNWET),Rolling,,CKU-2156,,
CKU,Cup Couture (Chennai),PIYUSH(CKU),,,C-656A(100%POLYFILA),P,63,105,MOCHA,M-5170,6851,KDC-983,319,,13,SOFTWICKING(EXHAUSTMETHOD)+ANTITHERMAL(DRYNWET),Rolling,,CKU-2157,,
CKU,PIYUSH(CKU),PIYUSH(CKU),,,C-672,P,64,120,PEARL,CKU-21997,21043,KDC-184,342,,14,SOFTWICKING(EXHAUSTMETHOD)+ANTITHERMAL(DRYNWET),Rolling,,CKU-2158,,
CKU,B.K. Enterprises (Delhi),PIYUSH(CKU),,,C-222A (90%MICROMODAL 10%SPANDEX),CS,72,200,MAROON,CL-40800,20914,KDC-157,214.7,,7,SILICON FINISH,Rolling,,CKU-2159,,
CKU,B.K. Enterprises (Delhi),PIYUSH(CKU),,,C-222A (90%MICROMODAL 10%SPANDEX),CS,72,200,MAROON,CL-40800,20915,KDC-158,357.2,,12,SILICON FINISH,Rolling,,CKU-2160,,
CKU,B.K. Enterprises (Delhi),PIYUSH(CKU),,,C-222A (90%MICROMODAL 10%SPANDEX),CS,72,200,EVENING BLUE,CL-41302,20916,KDC-159,175,,6,SILICON FINISH,Rolling,,CKU-2161,,
CKU,B.K. Enterprises (Delhi),PIYUSH(CKU),,,C-222A (90%MICROMODAL 10%SPANDEX),CS,72,200,GRAPE,CL-40778,20917,KDC-160,212,,7,SILICON FINISH,Rolling,,CKU-2162,,
CKU,B.K. Enterprises (Delhi),PIYUSH(CKU),,,C-222A (90%MICROMODAL 10%SPANDEX),CS,72,200,MAROON,CL-40800,20918,KDC-161,209.1,,7,SILICON FINISH,Rolling,,CKU-2163,,
CKU,Cup Couture (Chennai),PIYUSH(CKU),,,C-656A(100%POLYFILA),P,63,105,V POTENT PURPLE,HF-4416,21003,KDC-172,349,,14,SOFTWICKING(EXHAUSTMETHOD)+ANTITHERMAL(DRYNWET),Rolling,,CKU-2164,,
CKU,B.K ENTERPRISES,PIYUSH(CKU),,,NS-1234,PS,60,200,RFD,CBR HEATSET FINISH,21039,KDC-180,290,,12,SOFT FINISH,Rolling,,CKU-2165,,
CKU,B.K ENTERPRISES,PIYUSH(CKU),,,C-213,CS,72,160,ONINON RUST ,CL-33233,21041,KDC-182,419,,14,EXTRA SOFT FINISH,Rolling,,CKU-2166,,
CKU,B.K ENTERPRISES,PIYUSH(CKU),,,C-213,CS,72,160,WHITE,CL-40980,21042,KDC-183,412,,14,EXTRA SOFT FINISH,Rolling,,CKU-2167,,
CKU,PAGE INDUSTRIES,PIYUSH(CKU),,,NS-1228A,PS,60,140,V P BLACK,P-118,20908,KDC-151,372,,13,SOFT WICKING(EXHAUST METHOD),Rolling,,CKU-2168,,
CKU,B.K ENTERPRISES,PIYUSH(CKU),,,C-735A ,PS,60,250, MAUVE,CKU-19438,20775,KDC-99,352,,14,SOFT FINISH,Rolling,DOUBLE SIDE BRUSHING,CKU-2169,,
CKU,B.K ENTERPRISES,PIYUSH(CKU),,,C-735A ,PS,60,250, MAUVE,CKU-19438,20776,KDC-100,152,,6,SOFT FINISH,Rolling,DOUBLE SIDE BRUSHING,CKU-2170,,
CKU,Encot Fabrics Pvt Ltd (Boisar),PIYUSH(CKU),,,NEW SAMPLE-489AF(92%POLYFILAMENT 08%SPANDEX),PS,60,210,RFD,RFD,21185,KDC-199,408,,16,HANDFEELSHOULDBEASPERCUTTINGAPC-290403LYINGWITHAJAYMASTER,Rolling,,CKU-2173,,
CKU,B.K. Enterprises (Delhi),PIYUSH(CKU),,,C-213,CS,72,160,COFFEE CL-40397,CL-40397,21186,KDC-200,209,,7,EXTRA SOFT FINISH,Rolling,,CKU-2174,,
CKU,Cup Couture (Chennai),PIYUSH(CKU),,,C-672,P,64,120,ANIES FLOWER ,CKU-22793,21190 A ,KDC-204,96,,4,SOFTWICKING(EXHAUSTMETHOD)+ANTITHERMAL(DRYNWET),Rolling,,CKU-2175,,
CKU,Laj Lifestyle Pvt Ltd (Noida),PIYUSH(CKU),,,C-655,P,60,150,RFD,RFD,21196,KDC-210,366,,13,SOFT WICKING+PH MAINTAIN,Rolling,,CKU-2176,,
CKU,Laj Lifestyle Pvt Ltd (Noida),PIYUSH(CKU),,,C-655,P,60,150,RFD,RFD,21197,KDC-211,366,,13,SOFT WICKING+PH MAINTAIN,Rolling,,CKU-2177,,
CKU,SAMPLE,PIYUSH(CKU),,,ND-294,P,60-70,160,NAVY,-,20910,KDC-153,25.5,,1,SOFT WICKING,Rolling,,CKU-2178,,
CKU,AMBERNATH,PIYUSH(CKU),,,ND-61,PS,60,150,CONFETTI,CKU-23338,19838,KDC-22,205,,7,ANTI STATIC WICKING FASTDRAND ANTIMICROBIAL,Rolling,,CKU-2179,,
CKU,AMBERNATH,PIYUSH(CKU),,,ND-61,PS,60,150,BLACK BEAUTY,HF-4453,19839,KDC-23,205,,8,ANTI STATIC WICKING FASTDRAND ANTIMICROBIAL,Rolling,,CKU-2180,,
CKU,AMBERNATH,PIYUSH(CKU),,,ND-61,PS,60,150,WHITE CAP GREY,CKU-23318,19840,KDC-24,210,,8,ANTI STATIC WICKING FASTDRAND ANTIMICROBIAL,Rolling,,CKU-2181,,
CKU,AMBERNATH,PIYUSH(CKU),,,ND-61,PS,60,150,PURPLE HAZE,CKU-23325,19841,KDC-25,205,,8,ANTI STATIC WICKING FASTDRAND ANTIMICROBIAL,Rolling,,CKU-2182,,
CKU,SAMPLE,PIYUSH(CKU),,,ND-296,PS,60,180,WHITE,-,21121,KDC-187,23.65,,1,SOFT WICKING,Rolling,,CKU-2183,,
CKU,TORAM CREATORS PRIVATE LIMITED. (MADURAI),PIYUSH(CKU),,,NEW DEVELOPMENT-215C(Polyester100%),P,65,165,GREY,CKU-21540,21122,KDC-188,392,,14,EXTRA SOFT FINISH,Rolling,,CKU-2184,,
CKU,TORAM CREATORS PRIVATE LIMITED. (MADURAI),PIYUSH(CKU),,,NEW DEVELOPMENT-215C(Polyester100%),P,65,165,GREY,CKU-21540,21123,KDC-189,393,,14,EXTRA SOFT FINISH,Rolling,,CKU-2185,,
CKU,TORAM CREATORS PRIVATE LIMITED. (MADURAI),PIYUSH(CKU),,,NEW DEVELOPMENT-215C(Polyester100%),P,65,165,GREY,CKU-21540,21124,KDC-190,388,,14,EXTRA SOFT FINISH,Rolling,,CKU-2186,,
CKU,TORAM CREATORS PRIVATE LIMITED. (MADURAI),PIYUSH(CKU),,,NEW DEVELOPMENT-215C(Polyester100%),P,65,165,GREY,CKU-21540,21125,KDC-191,376,,14,EXTRA SOFT FINISH,Rolling,,CKU-2187,,
CKU,TORAM CREATORS PRIVATE LIMITED. (MADURAI),PIYUSH(CKU),,,NEW DEVELOPMENT-215C(Polyester100%),P,65,165,BLACK,HF-2462,21126,KDC-192,391,,14,EXTRA SOFT FINISH,Rolling,,CKU-2188,,
CKU,TORAM CREATORS PRIVATE LIMITED. (MADURAI),PIYUSH(CKU),,,NEW DEVELOPMENT-215C(Polyester100%),P,65,165,BLACK,HF-2462,21127,KDC-193,390,,14,EXTRA SOFT FINISH,Rolling,,CKU-2189,,
CKU,TORAM CREATORS PRIVATE LIMITED. (MADURAI),PIYUSH(CKU),,,NEW DEVELOPMENT-215C(Polyester100%),P,65,165,BLACK,HF-2462,21128,KDC-194,389,,15,EXTRA SOFT FINISH,Rolling,,CKU-2190,,
CKU,TORAM CREATORS PRIVATE LIMITED. (MADURAI),PIYUSH(CKU),,,NEW DEVELOPMENT-215C(Polyester100%),P,65,165,BLACK,HF-2462,21129,KDC-195,389,,15,EXTRA SOFT FINISH,Rolling,,CKU-2191,,
CKU,TORAM CREATORS PRIVATE LIMITED. (MADURAI),PIYUSH(CKU),,,NEW DEVELOPMENT-215C(Polyester100%),P,65,165,BLACK,HF-2462,21130,KDC-196,389,,15,EXTRA SOFT FINISH,Rolling,,CKU-2192,,
CKU,TORAM CREATORS PRIVATE LIMITED. (MADURAI),PIYUSH(CKU),,,NEW DEVELOPMENT-215C(Polyester100%),P,65,165,BLACK,HF-2462,21131,KDC-197,381,,14,EXTRA SOFT FINISH,Rolling,,CKU-2193,,
CKU,ONBV,PIYUSH(CKU),,,NS-1179,NS,60,200,ICY PINK N-35937,N-35937,21113,KDC RF -34,197,,7,SOFT FINISH(COOLTEX+UV PROTECTION),Rolling,,CKU-2194,,
CKU,ONBV,PIYUSH(CKU),,,NS-1179,NS,60,200,DEEP MAHOGANY N-35908,N-35908,21114,KDC RF -35,193,,7,SOFT FINISH(COOLTEX+UV PROTECTION),Rolling,,CKU-2195,,
CKU,SPIRIT ANIMAL,PIYUSH(CKU),,,NS-1179,NS,60,230,MOCHA,N-47467,21115,KDC RF -36,197,,7,SOFT FINISH,Rolling,,CKU-2196,,
CKU,SPIRIT ANIMAL,PIYUSH(CKU),,,NS-1179,NS,60,230,TEAL GREEN,N-48016,21116,KDC RF -37,197,,7,SOFT FINISH,Rolling,,CKU-2197,,
CKU,S J FASHION,PIYUSH(CKU),,,C-732,PS,60,180,BLACK,OPEN,20550,ALU-,50,,2,SOFT FINISH,Rolling,GREIGE FROM MOHIT SIR,CKU-2198,,
CKU,B.K ENTERPRISES,PIYUSH(CKU),,,C-205-76,CS,72,160,DARK ASH ,CL-39971,16993,K-02509,179.3,,6,EXTRA SOFT FINISH,Rolling,CONFIRM WITH ARPIT JI,CKU-2171,,
CKU,B.K ENTERPRISES,PIYUSH(CKU),,,C-205-76,CS,72,160,DARK ASH ,CL-39971,16994,K-02510,119.5,,4,EXTRA SOFT FINISH,Rolling,CONFIRM WITH ARPIT JI,CKU-2172,,
CKU,ONBV,PIYUSH(CKU),,,C-920F(82%NYLON 18%SPANDEX),NS,60,200,ROCKY ROAD ,N-20565,21184,KDC-198,349,,14,SOFT FINISH,Rolling,,CKU-2199,,
CKU,Ampio Industries Llp (Bhiwandi),PIYUSH(CKU),,,NS-683 BLACK,P,65,125,RFD,RFD,21187,KDC-201,385,,15,SOFTWICKING,Rolling,,CKU-2200,,
CKU,Cup Couture (Chennai),PIYUSH(CKU),,,C-672,P,64,120,BURLWOOD ,CKU-22757,21189 A,KDC-203,96,,4,SOFTWICKING(EXHAUSTMETHOD)+ANTITHERMAL(DRYNWET),Rolling,,CKU-2201,,
CKU,B.K. Enterprises (Delhi),PIYUSH(CKU),,,NS-1234,PS,60,200,RFD,CBR HEATSET FINISH,21195,KDC-209,201,,9,SOFT FINISH,Rolling,,CKU-2202,,
GINZA UDHNA,TORAM,SUNIL,,,"A-1511/P/65""",POLY,"56""",-,BEIGE,D-14661,21136,GRP/0332/03/26,299.5,1799,13,REGULAR,ROLL PACKING,,UDN-400,,
GINZA UDHNA,TORAM,SUNIL,,,"A-1511/P/65""",POLY,"56""",-,BEIGE,D-14661,21137,GRP/0333/03/26,299.5,1797.5,13,REGULAR,ROLL PACKING,,UDN-401,,
GINZA UDHNA,TORAM,SUNIL,,,"A-1511/P/65""",POLY,"56""",-,BLACK,HF-2730,21210,GRP/0337/03/26,303.7,1821,13,REGULAR,ROLL PACKING,,UDN-402,,
GINZA UDHNA,RAM SWAROOP ,VIRENDRA,,,TR-508B / PS / 85'',PS,58'',110,BLACK,D-2323 OLD LOT 17003,21209,336,343,2575,17,soft,kanti,,UDN-403,,
GINZA UDHNA,ginza udhna,VIRENDRA,,,L-3009 / PS / 130'',PS,58'',220,WHITE,Regular,21208,335,185,370,4,soft,kanti,NO DAGI & STAIN GOODS ,UDN-404,,
GINZA UDHNA,RELIANCE,VIRENDRA,,,TR-508 / PS / 85'',PS,58'',110,BLACK,OLD LOT 20461,21213,340,42,252,2,soft,kanti,direct dyeing lena hai no. heat setting,UDN-405,,
GINZA UDHNA,WILHELM,SUNIL,,,"A-1675/P/65""",POLY,"56""",175,WHITE,-,21138,GRP/0334/03/26,17.4,113,1,FULL HARD ,-,NEW DESIGN (URGENT),UDN-406,,
GINZA UDHNA,MAKHIJA,SUNIL,,,"A-2033/N/65""",NYLON,"56""",-,WHITE,-,21211,GRP/0338/03/26,359.9,3060,22,REGULAR,-,,UDN-407,,
GINZA UDHNA,Jockey,VIRENDRA,,,TR-1 / NS / 85'',PS,57'',130,V DUSTY ROSE,N-47897,20655,199,12,64,1,JOCKEY,kanti,URGENT,UDN-408,,
GINZA UDHNA,Jockey,VIRENDRA,,,TR-1 / NS / 85'',PS,57'',130,V INFINITY,N-48005,20656,200,12,64,1,JOCKEY,kanti,URGENT,UDN-409,,
GINZA UDHNA,Jockey,VIRENDRA,,,TR-1 / NS / 85'',PS,57'',130,V SILVER BULLET,N-48652,20658,202,12,63,1,JOCKEY,kanti,URGENT,UDN-410,,
GINZA UDHNA,Jockey,VIRENDRA,,,TR-1 / NS / 85'',PS,57'',130,V BLUE SURF,N-48010,20657,201,12,63,1,JOCKEY,kanti,URGENT,UDN-411,,
GINZA UDHNA,,EXTERNAL,,,"A-1599E/P-72 (PCS NO:-1,2,3 AND 7 TO 13)",PP,60,170,CHAMPAGNE,G-4071 KHATA	,21167,,331,1212,10,AS/LAST ROLLING,Rolling,"PCS NO:-1,2,3 AND 7 TO 13",ORD-22912,,
GINZA UDHNA,,EXTERNAL,,,A-1599E/P-72 (PCS NO:-14 TO 23),PP,60,170,CHAMPAGNE,G-4071 KHATA	,21167,,337,1234,10,AS/LAST ROLLING,Rolling,PCS NO:-14 TO 23,ORD-22913,,
GINZA UDHNA,,EXTERNAL,,,A-1599E/P-72 (PCS NO:-24 TO 35),PP,60,170,CHAMPAGNE,G-4071 KHATA	,21167,,337,1230,12,AS/LAST ROLLING,Rolling,PCS NO:-24 TO 35,ORD-22914,,
GINZA UDHNA,GINZA INDUSTRIES LTD. (SAC)	,EXTERNAL,,,"A-1599E/P-72 (PCS NO:-36 TO 42 AND 4,5,6)",PP,60,170,IVORY,AS/LAST,21167,,350,1278,12,AS/LAST ROLLING,Rolling,"PCS NO:-36 TO 42 AND 4,5,6",ORD-22915,,
GINZA UDHNA,INTIMATE (jockey ),VIRENDRA,,,TR-1 / NS / 85'',NS,58'',130,V P BLACK,MATCH TO STD,21074,322,102,511,4,intimat jockey,Roll,,UDN-412,,
GINZA UDHNA,INTIMATE (jockey ),VIRENDRA,,,TR-1 / NS / 85'',NS,58'',130,v new steel grey milange,MATCH TO STD,21075,323,106,531,4,intimat jockey,Roll,,UDN-413,,
GINZA UDHNA,PAGE,SUNIL,,,"A-1519B/P/65""",POLY,"58""",-,V CHICORY COFFEE,P-1262,20927,GRP/0249/03/26,20.4,77,1,REGULAR,ROLL PACKING,,UDN-414,,
GINZA UDHNA,PAGE,SUNIL,,,"A-2103/N/65""",NYLON,"59""",-,V PEPER CORN,N-48492,20934,GRP/0256/03/26,4.4,70,1,REGULAR,-,,UDN-415,,
GINZA UDHNA,PAGE,SUNIL,,,"A-1519B/P/65""",POLY,"58""",-,V CRUSH N BLUSH,-,20035,GRP/0020/03/26,178.5,678,6,REGULAR,ROLL PACKING,,UDN-416,,
GINZA UDHNA,PAGE,SUNIL,,,"A-1519B/P/65""",POLY,"58""",-,V LIGHT MAHOGANY,P-1244,20957,GRP/0279/03/26,20.3,77,1,REGULAR,ROLL PACKING,NEED YELLOWER,UDN-417,,
GINZA UDHNA,PAGE,SUNIL,,,"A-2103/N/65""",NYLON,"59""",-,V BEET RED,-,21066,GRP/0314/03/26,34.6,554,2,REGULAR,-,,UDN-418,,
GINZA UDHNA,REGULAR,SUNIL,,,"JURSEY-2/N/93""",NYLON,"56""",-,WHITE,-,21070,GRP/0318/03/26,354.9,1987.5,18,REGULAR,-,,UDN-419,,
GINZA UDHNA,PAGE,SUNIL,,,"A-2103/N/65""",NYLON,"59""",-,V PEACH BLUSH,N-48431,20935,GRP/0257/03/26,4.38,70,1,REGULAR,-,,UDN-420,,
GINZA UDHNA,PAGE,SUNIL,,,"A-2103/N/65""",NYLON,"59""",-,V SLATE GREY,N-48437,20936,GRP/0258/03/26,4.36,70,1,REGULAR,-,,UDN-421,,
GINZA UDHNA,PAGE,SUNIL,,,"A-2103/N/65""",NYLON,"59""",-,V WHITE,-,21065,GRP/0313/03/26,34.6,554,2,REGULAR,-,,UDN-422,,
GINZA UDHNA,PAGE,SUNIL,,,"A-2103/N/65""",NYLON,"59""",-,V DEEP TAUPE,-,21067,GRP/0315/03/26,34.78,556,2,REGULAR,-,,UDN-423,,
GINZA UDHNA,PAGE,SUNIL,,,"A-2103/N/65""",NYLON,"59""",-,V DEEP TAUPE,-,21068,GRP/0316/03/26,34.7,555.5,2,REGULAR,-,,UDN-424,,
GINZA UDHNA,PAGE,SUNIL,,,"A-2103/N/65""",NYLON,"59""",-,V HEATHER ROSE,-,21069,GRP/0317/03/26,34.88,557,2,REGULAR,-,,UDN-425,,
GINZA UDHNA,REGULAR,SUNIL,,,"JURSEY-2/N/93""",NYLON,"56""",-,WHITE,-,21071,GRP/0319/03/26,361.1,2022,18,REGULAR,-,,UDN-426,,
GINZA UDHNA,S JI,SUNIL,,,"A-1590A/P/65""",POLY,"56""",-,BOIL HEAT SET,-,-,GRP/0347/03/26,81.42,2483.5,12,REGULAR,-,WITH PH MAINTAIN FOR PRINT USE,UDN-427,,
GINZA UDHNA,TORAM,SUNIL,,,"A-1511/P/65""",POLY,"56""",-,BLACK,HF-2730,-,GRP/0351/03/26,45.2,271,2,REGULAR,ROLL PACKING,,UDN-428,,
GINZA UDHNA,TORAM,SUNIL,,,"A-1511/P/65""",POLY,"56""",-,BLACK,HF-2730,-,GRP/0352/03/26,252,1512.5,12,REGULAR,ROLL PACKING,,UDN-429,,
CKU,PAGE INDUSTRIES,PIYUSH(CKU),,,NS-1228A,PS,60,140,V P BLACK,P-118,20909 B,KDC-152,170,,6,SOFT WICKING(EXHAUST METHOD),Rolling,,CKU-2203,,
CKU,PAGE INDUSTRIES,PIYUSH(CKU),,,NS-1228A,PS,60,140,V J  EARTH,P-998,20909 A,KDC-152,200,,7,SOFT WICKING(EXHAUST METHOD),Rolling,,CKU-2204,,
CKU,B.K. ENTERPRISES (DELHI),PIYUSH(CKU),,,ND-57 G,NS,60,250,SAND,N-48618,21269,KDC-224,109,,4,SOFT FINISH,Rolling,,CKU-2205,,
CKU,B.K. ENTERPRISES (DELHI),PIYUSH(CKU),,,ND-57 G,NS,60,250,PEACH,N-48626,21270,KDC-225,109,,4,SOFT FINISH,Rolling,,CKU-2206,,
CKU,SILVERTRAQ INTERNATIONAL PRIVATE LIMITED (TIRUPUR),PIYUSH(CKU),,,C-672,P,64,120,GRAPE WINE,LAB REQUEST SENT APPROVED INTERNALLY,21262 RF,KDC RF-39,281,,16,SOFT FINISH,Rolling,GREY CONVERT INTO GRAPE WINE,CKU-2207,,
CKU,TORAM CREATORS PRIVATE LIMITED. (MADURAI),PIYUSH(CKU),,,NEW DEVELOPMENT-215C(Polyester100%),P,65,165,BLACK,HF-2462,21245,KDC-220,371,,14,EXTRA SOFT FINISH,Rolling,,CKU-2208,,
CKU,TORAM CREATORS PRIVATE LIMITED. (MADURAI),PIYUSH(CKU),,,NEW DEVELOPMENT-215C(Polyester100%),P,65,165,BLACK,HF-2462,21243,KDC-218,372,,15,EXTRA SOFT FINISH,Rolling,,CKU-2209,,
CKU,TORAM CREATORS PRIVATE LIMITED. (MADURAI),PIYUSH(CKU),,,NEW DEVELOPMENT-215C(Polyester100%),P,65,165,BLACK,HF-2462,21244,KDC-219,388,,14,EXTRA SOFT FINISH,Rolling,,CKU-2210,,
CKU,Makhija Brothers (Amardham),PIYUSH(CKU),,,C-917A,NS ,60,150,DUSKY,N-42415,21237,KDC-212,349,,13,SOFT FINISH,Rolling,,CKU-2211,,
CKU,Encot Fabrics Pvt Ltd (Boisar),PIYUSH(CKU),,,NEW SAMPLE-489AF(92%POLYFILAMENT 08%SPANDEX),PS,60,210,RFD,RFD,21239,KDC-214,407,,16,HANDFEELSHOULDBEASPERCUTTINGAPC-290403LYINGWITHAJAYMASTER,Rolling,,CKU-2212,,
CKU,ONBV,PIYUSH(CKU),,,C-920F(82%NYLON 18%SPANDEX),NS,60,200,OMBRE BLUE ,N-36044,21240,KDC-215,188,,7,SOFT FINISH,Rolling,,CKU-2213,,
CKU,TORAM CREATORS PRIVATE LIMITED. (MADURAI),PIYUSH(CKU),,,NEW DEVELOPMENT-215C(Polyester100%),P,65,165,BLACK,HF-2462,21241,KDC-216,390,,14,EXTRA SOFT FINISH,Rolling,,CKU-2214,,
CKU,TORAM CREATORS PRIVATE LIMITED. (MADURAI),PIYUSH(CKU),,,NEW DEVELOPMENT-215C(Polyester100%),P,65,165,BLACK,HF-2462,21242,KDC-217,392,,14,EXTRA SOFT FINISH,Rolling,,CKU-2215,,
CKU,Encot Fabrics Pvt Ltd (Boisar),PIYUSH(CKU),,,NEW SAMPLE-489AF(92%POLYFILAMENT 08%SPANDEX),PS,60,210,RFD,RFD,21261 RF,KDC RF-38,99,,4,HANDFEELSHOULDBEASPERCUTTINGAPC-290403LYINGWITHAJAYMASTER,Rolling,FOR WASHING,CKU-2216,,
CKU,INNOLABS (THANE),PIYUSH(CKU),,,ND-216,P,60,235,BLACK,CKU-23378,20847,KDC-126,337,,13,SOFT FINISH + WICKING ,Rolling,,CKU-2217,,
CKU,INNOLABS (THANE),PIYUSH(CKU),,,ND-216,P,60,235,BLACK,CKU-23378,20848,KDC-127,341,,14,SOFT FINISH + WICKING ,Rolling,,CKU-2218,,
CKU,INNOLABS (THANE),PIYUSH(CKU),,,ND-216,P,60,235,COFFEE,CKU-23369,20849,KDC-128,332,,13,SOFT FINISH + WICKING ,Rolling,,CKU-2219,,
CKU,INNOLABS (THANE),PIYUSH(CKU),,,ND-216,P,60,235,COFFEE,CKU-23369,20850,KDC-129,338,,13,SOFT FINISH + WICKING ,Rolling,,CKU-2220,,
CKU,INNOLABS (THANE),PIYUSH(CKU),,,ND-216,P,60,235,DARK GREY,CKU-23374,20851,KDC-130,330,,13,SOFT FINISH + WICKING ,Rolling,,CKU-2221,,
CKU,INNOLABS (THANE),PIYUSH(CKU),,,ND-216,P,60,235,DARK GREY,CKU-23374,20852,KDC-131,331,,13,SOFT FINISH + WICKING ,Rolling,,CKU-2222,,
CKU,INNOLABS (THANE),PIYUSH(CKU),,,ND-216,P,60,235,BUTTER GREY,CKU-23360,20853,KDC-132,327,,13,SOFT FINISH + WICKING ,Rolling,,CKU-2223,,
CKU,INNOLABS (THANE),PIYUSH(CKU),,,ND-216,P,60,235,BUTTER GREY,CKU-23360,20854,KDC-133,331,,13,SOFT FINISH + WICKING ,Rolling,,CKU-2224,,
CKU,INNOLABS (THANE),PIYUSH(CKU),,,ND-216,P,60,235,FAWN,CKU-23384,20855,KDC-134,333,,13,SOFT FINISH + WICKING ,Rolling,,CKU-2225,,
CKU,INNOLABS (THANE),PIYUSH(CKU),,,ND-216,P,60,235,FAWN,CKU-23384,20856,KDC-135,333,,13,SOFT FINISH + WICKING ,Rolling,,CKU-2226,,
CKU,B.K. ENTERPRISES (DELHI),PIYUSH(CKU),,,C-213,CS,72,160,ONION ,CL-39304,21247,KDC-222,201,,7,EXTRA SOFT FINISH,Rolling,,CKU-2227,,
CKU,B.K. ENTERPRISES (DELHI),PIYUSH(CKU),,,ND-57 G,NS,60,250,MINT,N-48636,21268,KDC-223,109,,4,SOFT FINISH,Rolling,,CKU-2228,,
CKU,PIYUSH SIR,PIYUSH(CKU),,,ND-57 G,NS,60,270,CBR HEATSET,RFD,21271,KDC-226,184,,7,CBR HEATSET,Rolling,,CKU-2229,,
GINZA UDHNA,GINZA UDHNA,ARIK,,,L-101B / NS / 65,NS,44,162,WHITE,-,21281,350,101.82,611,7,REGULAR,TAKA FORM,FINISH QULITY 5.5,UDN-430,,
GINZA UDHNA,INTIMATE (jockey ),VIRENDRA,,,TR-1 / NS / 85'',NS,58'',130,V BEET RED,MATCH TO STD,21073,321,101,508,4,intimat jockey,Roll,,UDN-431,,
GINZA UDHNA,GINZA,KULDEEP,,,130 /N/ 83 PATTI,N,83 PATTI,-,WHITE,REGULAR,21276,-,199.4,1909,19,HARD,KATI,FINISH QLY-9.20,UDN-433,,
GINZA UDHNA,GINZA,KULDEEP,,,167 /N/ 38 PATTI,N,38 PATTI,-,SKIN,N-8244,21285,-,83.14,673.5,6,HARD,KATI,FINIHS QLTY-7.80-8.20 / OLD LOT 11598,UDN-434,,
GINZA UDHNA,GINZA,KULDEEP,,,A-606D /N/ 66,N,56'',-,WHITE,REGULAR,21273,-,18.7,172.5,2,SOFT,KATI,FINISH QLTY-10.50,UDN-435,,
GINZA UDHNA,GINZA,KULDEEP,,,A-606D /N/ 66,N,56'',-,WHITE,REGULAR,21274,-,12,123,1,SOFT,KATI,FINIHS QLTY-11,UDN-436,,
GINZA UDHNA,FASHION SOLUTION,KULDEEP,,,S-986 /NS/ 66,NS,54'',-,CREAM,N-48605,21275,-,211.3,570,9,SOFT,KATI,FINISH QLTY-3.90,UDN-437,,
GINZA UDHNA,P K ASTIR,KULDEEP,,,S-618 /NS/ 68,NS,56'',-,BLACK,REGULAR,21277,-,117.98,625,9,SOFT,KATI,FINISH QLTY-6,UDN-438,,
GINZA UDHNA,GINZA,KULDEEP,,,169A /N/ 45 PATTI,N,45 PATTI,-,WHITE,REGULAR,21284,-,109.84,1053.5,10,HARD,KATI,FINISH QLTY-9.80,UDN-439,,
GINZA UDHNA,S JI,SUNIL,,,"A-1590A/P/65""",POLY,"56""",-,BOIL HEAT SET,-,21278,GRP/0347/03/26,81.42,2483.5,12,REGULAR,-,WITH PH MAINTAIN FOR PRINT USE,UDN-440,,
GINZA UDHNA,TORAM,SUNIL,,,"A-1511/P/65""",POLY,"56""",-,BLACK,HF-2730,21282,GRP/0351/03/26,45.2,271,2,REGULAR,ROLL PACKING,,UDN-441,,
GINZA UDHNA,TORAM,SUNIL,,,"A-1511/P/65""",POLY,"56""",-,BLACK,HF-2730,21283,GRP/0352/03/26,252,1512.5,12,REGULAR,ROLL PACKING,,UDN-442,,
CKU,CULTSPORTS/AMBERNATH,PIYUSH(CKU),,,C-715FA,PS,60,160,VIOLET TULLE,CKU-23330,21302,KDC-233,70,,3,SOFT WICKING  ,Rolling,,CKU-2230,,
CKU,PIYUSH SIR,PIYUSH(CKU),,,ND-57F,NS,60,270,RFD,RFD,21296,KDC-227,492,,18,CBR HEATSET,Rolling,,CKU-2231,,
CKU,Laj Lifestyle Pvt Ltd (Noida),PIYUSH(CKU),,,C-655,P,60,150,RFD,RFD,21297,KDC-228,395,,14,SOFT WICKING+PH MAINTAIN,Rolling,,CKU-2232,,
CKU,DESIGN CLASSIC EXPORTS PVT LTD (CHENNAI),PIYUSH(CKU),,,NEW SAMPLE-1458 (95%POLYESTER 05%SPANDEX),PS,60,270,STEEL GREY,HF-4165,21298,KDC-229,365,,14,SOFT WICKING(EXHAUST METHOD),Rolling,,CKU-2233,,
CKU,DESIGN CLASSIC EXPORTS PVT LTD (CHENNAI),PIYUSH(CKU),,,NEW SAMPLE-1458 (95%POLYESTER 05%SPANDEX),PS,60,270,STEEL GREY,HF-4165,21299,KDC-230,371,,14,SOFT WICKING(EXHAUST METHOD),Rolling,,CKU-2234,,
CKU,FLEXFIT ACTIVE WEAR PVT LTD (BANGALORE),PIYUSH(CKU),,,NEW SAMPLE-1458 (95%POLYESTER 05%SPANDEX),PS,60,270,BEIGE,CKU-23148,21300,KDC-231,362,,14,SOFT WICKING(EXHAUST METHOD),Rolling,,CKU-2235,,
CKU,FLEXFIT ACTIVE WEAR PVT LTD (BANGALORE),PIYUSH(CKU),,,NEW SAMPLE-1458 (95%POLYESTER 05%SPANDEX),PS,60,270,BEIGE,CKU-23148,21301,KDC-232,171,,6,SOFT WICKING(EXHAUST METHOD),Rolling,,CKU-2236,,
GINZA UDHNA,GINZA,KULDEEP,,,353A /N/ 64 PATTI,N,64 PATTI,-,B+HEAT SET,REGULAR,21212,-,58.52,556,5,HARD,KATI,AS PER SAMPLE,UDN-432,,
GINZA UDHNA,PROTECH,VIRENDRA,,,L-3032 / PS / 130'',PS,58'',250,NAVY BLUE,D-4195 old lot 16574,21280,349,200,461,5,soft,Roll,,UDN-443,,
GINZA UDHNA,RAM SWAROOP ,VIRENDRA,,,TR-508B / PS / 85'',PS,58'',110,BROWN,D-15520,21288,357,348,2614,16,soft,kanti,,UDN-444,,
GINZA UDHNA,RAM SWAROOP ,VIRENDRA,,,TR-508B / PS / 85'',PS,58'',110,BROWN,D-15520,21287,356,355,2668,16,soft,kanti,,UDN-445,,
GINZA UDHNA,INTIMATE (jockey ),VIRENDRA,,,TR-1 / NS / 85'',NS,58'',130,v deep Taupe ,MATCH TO STD,21279,348,180,902,7,intimat jockey,Roll,,UDN-446,,
GINZA UDHNA,AAKANKSHA,KULDEEP,,,JL-246 /N/ 64,N,54'',-,BROWN,N-48080,21135,-,142.96,786,7,SOFT,KATI,FINISH QLTY-6.50-10% DARK KARNA HAI,UDN-447,,
GINZA UDHNA,AAKANKSHA,KULDEEP,,,JL-251 /N/ 66,N,54'',-,BROWN,N-48080,20546,-,136.18,857,7,SOFT,KATI,FINISH QLTY-6.50-7  -10% DARK KARNA HAI,UDN-448,,
GINZA UDHNA,TAPIO CREATION,KULDEEP,,,A-71 /N/ 56'',N,56'',-,CHOCLET,N-47412,20979/RF,-,13.2,206,1,SOFT,KATI,FINISH QLTY-16-FOR ADDITION,UDN-449,,
GINZA UDHNA,TRIUMPH ,VIRENDRA,,,L-83 / NS /130'',NS,58'',200,NUE BEIGE,OLD LOT 13605 OK,21342,375,117,293,3,THERMAL PROCESS ,Roll,MOST URGENT,UDN-450,,
GINZA UDHNA,PROTECH,VIRENDRA,,,L-3032 / PS / 130'',PS,58'',250,PINK,D-7655 old lot 12448,21345,378,196,451,5,soft,Roll,NO DAGI ISSUE GOODS,UDN-451,,
GINZA UDHNA,B.K. ENTERPRISES,ARIK,,,SP-060A / NS / 65,NS,56,93,WHITE,-,21330,363,247.44,1483.5,18,REGULAR,TAKA FORM,FINISH QULITY 7.5,UDN-452,,
GINZA UDHNA,K CHOITHRAM,VIRENDRA,,,L-3054 / PS / 130'',PS,58'',220,NAVY,OLD LOT 16490,21343,376,215,495,5,soft,Roll,,UDN-453,,
GINZA UDHNA,PROTECH,VIRENDRA,,,L-3032 / PS / 58'',PS,58'',250,COL. TO BLACK,OLD LOT 20067,21386 RF,JIS609,187,493,11,soft,Roll,,UDN-454,,
GINZA UDHNA,PROTECH,VIRENDRA,,,L-3032 / PS / 130'',PS,58'',250,WHITE ,Regular,21344,377,411,949,11,soft,Roll,NO DAGI ISSUE GOODS,UDN-455,,
GINZA UDHNA,PROTECH,VIRENDRA,,,L-3032 / PS / 130'',PS,58'',250,BLACK,OLD LOT 20067,21346,379,195,449,5,soft,Roll,,UDN-456,,
GINZA UDHNA,INTIMATE (jockey ),VIRENDRA,,,TR-1 / NS / 85'',NS,58'',130,Navy Peony,N-27378 match std,21076,324,76,384,3,intimat jockey,Roll,MOST URGENT,UDN-457,,
GINZA UDHNA,GINZA INDUSTRIES LTD. (SAC)	,EXTERNAL,,,A-1599E/P-72	,PP,60,170,MOSS PINK,AS/LAST,21303,,403.2,1476,12,AS/LAST ROLLING,Rolling,,ORD-22986,,
GINZA UDHNA,GINZA INDUSTRIES LTD. (SAC)	,EXTERNAL,,,A-1599E/P-72	,PP,60,170,SILVER,AS/LAST,21303,,336,1230,10,AS/LAST ROLLING,Rolling,,ORD-22987,,
